case,cores,a_new_makespan,b_makespan,b_speedup,b_added_bytes,b_copy_amplification,b_active,b_groups,b_source,b_peak_L1,b_peak_UB,b_calls,b_valid,b_errors,b_cycle_errors,l2_makespan,l2_speedup,paired_makespan,cache_gain,paired_hit_rate,selected_hit_rate,selected_added_bytes,selected_source,l2_extra_search_gain,l2_calls,l2_errors
case_001,2,116868,116868,1.9946435294520313,1152,1.0007026309626044,2,600,fixed_1,13440,8192,72,56,16,0,116868,1.9946435294520313,116868,1.0,0.0,0.0,1152,b_candidate_fixed_2,1.0,73,16
case_001,3,78545,78545,2.9678528232223567,2304,1.0014052619252087,3,600,fixed_1,13440,8192,72,56,16,0,78545,2.9678528232223567,78545,1.0,0.0,0.0,2304,b_candidate_local1_fixed_1_merge_0_1,1.0,73,16
case_001,4,58984,58984,3.952088702020887,3456,1.0021078928878133,4,600,fixed_1,13440,8192,72,56,16,0,58984,3.952088702020887,58984,1.0,0.0,0.0,3456,b_candidate_fixed_2,1.0,73,16
case_001,5,47502,47502,4.9073723211654245,4608,1.0028105238504177,5,24,a_selected,13440,8192,72,72,0,0,47502,4.9073723211654245,47502,1.0,0.0,0.0,4608,b_candidate_fixed_1,1.0,73,16
case_002,2,142820,137650,1.9029785688339993,537600,1.4391468005018822,2,75,fixed_24,7680,109056,72,67,5,3,137650,1.9029785688339993,137650,1.0,0.0,0.0,537600,b_candidate_local1_fixed_24_merge_0_2,1.0,73,5
case_002,3,101777,93427,2.803739818253824,565248,1.4617314930991216,3,75,fixed_24,7680,78336,72,70,2,0,93427,2.803739818253824,93427,1.0,0.0,0.0,565248,b_candidate_local1_fixed_24_merge_0_3,1.0,73,2
case_002,4,80206,72103,3.6329278948171364,771072,1.629861982434128,4,75,fixed_24,7680,58368,72,72,0,0,72103,3.6329278948171364,72103,1.0,0.0,0.0,771072,b_candidate_local1_fixed_24_merge_0_4,1.0,73,0
case_002,5,64475,58897,4.447510059935141,743424,1.6072772898368883,5,75,fixed_24,7680,41472,72,72,0,0,58897,4.447510059935141,58897,1.0,0.0,0.0,743424,b_candidate_local1_fixed_24_merge_0_5,1.0,73,0
case_003,2,538381,462126,1.3031337773680771,1017822,1.7925333109080377,2,840,local1_fixed_16_merge_835_836,126976,43142,44,29,15,9,461331,1.3053794347225744,462108,1.0000389519333144,0.1568961405788104,0.1568961405788104,1017822,local1_paired_b_plan_split_6_1,1.0016842570735545,45,13
case_003,3,538381,391667,1.537561244628728,4079068,4.176191188104626,3,3364,fixed_4,116736,25126,44,35,9,8,391315,1.5389443287377178,391315,1.0008995310683209,0.27944926976092843,0.27944926976092843,4079068,b_candidate_local1_fixed_4_merge_3347_3348,1.0,45,9
case_003,4,538764,366574,1.6428115469182212,4553662,4.545736702111093,4,3364,fixed_4,116736,24614,44,29,15,15,366066,1.6450913223298531,366066,1.0013877278960626,0.3242646888878289,0.3242646888878289,4553662,b_candidate_local1_fixed_4_split_3336_1,1.0,45,13
case_003,5,539155,355037,1.6961950444601548,4995328,4.88964262799549,5,3364,fixed_4,116736,25126,44,33,11,11,353767,1.7022842718512468,353767,1.0035899334872953,0.3383384501227245,0.3383384501227245,4995328,b_candidate_local1_fixed_4_split_3336_1,1.0,45,9
case_004,2,199074,199002,1.9716234007698414,138240,1.1744186046511629,2,389,local1_fixed_2_move_14_1_0,125952,12288,72,51,21,0,197790,1.9837049395823854,199002,1.0,0.005319148936170213,0.005319148936170213,138240,local1_b_candidate_local1_fixed_2_move_28_1_0_merge_28_7,1.0061277112088578,73,20
case_004,3,134043,135632,2.8928055326176714,248832,1.313953488372093,3,389,local1_fixed_2_move_21_2_0,125952,12288,72,51,21,0,135284,2.900246888028148,135632,1.0,0.004464285714285714,0.004464285714285714,248832,local1_b_candidate_local1_fixed_2_move_42_2_0_swap_0_13,1.0025723662813044,73,18
case_004,4,104188,104188,3.765855952700887,331776,1.4186046511627908,4,389,fixed_2,125952,12288,72,51,21,0,104164,3.76672362812488,104188,1.0,0.0,0.0,331776,local1_b_candidate_fixed_4_swap_0_6,1.000230405898391,73,10
case_004,5,88341,86609,4.530210486208131,470016,1.5930232558139534,5,389,local1_fixed_2_move_35_1_0,125952,12288,72,51,21,0,86424,4.539907895954827,86609,1.0,0.0033783783783783786,0.0033783783783783786,470016,local1_b_candidate_local1_fixed_2_move_35_2_0_swap_0_6,1.0021406090900675,73,19
case_005,2,93418,65546,1.458792298538431,623782,2.870893243834992,2,1028,local1_fixed_4_merge_327_328,32544,30772,72,50,22,12,65304,1.464198211441872,65387,1.0024316760212275,0.17449048696769562,0.17449048696769562,623782,local1_paired_b_plan_merge_327_329,1.0012709788068113,73,22
case_005,3,93760,61629,1.5515098411462136,1037164,4.11073920111333,3,1029,local1_fixed_4_swap_0_7,30048,26934,72,54,18,9,60994,1.5676623930222644,60994,1.0104108600845985,0.31654565789828626,0.31654565789828626,1037164,b_candidate_fixed_4,1.0,73,18
case_005,4,93760,60498,1.5805150583490364,1288690,4.865134637417745,4,1029,local1_fixed_4_swap_0_8,30048,16564,72,54,18,12,59190,1.615441797600946,59193,1.0220465257716285,0.3786212590151748,0.38616934590394775,1288690,local1_paired_b_plan_swap_0_6,1.0000506842372023,73,18
case_005,5,93760,60063,1.5919617734711886,1404760,5.213260390985382,5,1029,local1_fixed_4_swap_0_7,27744,13924,72,51,21,15,58151,1.644305342986363,58151,1.0328799160805489,0.425082340425176,0.425082340425176,1404760,local1_paired_b_plan_merge_1002_1003,1.0,73,21
case_006,2,44168,38049,2.1771137217798104,44,1.0000809794091448,2,30,local1_fixed_24_split_15_1,196608,122900,72,55,17,3,38049,2.1771137217798104,38049,1.0,0.0,0.0,44,local1_paired_b_plan_merge_1_2,1.0,73,15
case_006,3,32509,36873,2.246548965367613,29092,1.0535421129736375,3,43,fixed_16,180224,122902,72,58,14,4,36873,2.246548965367613,36873,1.0,0.03494618920965952,0.03494618920965952,29092,b_candidate_local1_fixed_16_merge_10_11,1.0,73,12
case_006,4,28395,34312,2.4142282583352763,314848,1.5794592047822023,4,85,local1_fixed_8_move_13_1_0,81920,73740,72,56,16,4,32264,2.5674745846764195,34312,1.0,0.1595181223387683,0.1595181223387683,314848,local1_b_candidate_local2_fixed_8_split_8_1_merge_48_49,1.0634763203570543,73,15
case_006,5,25968,30430,2.722214919487348,526640,1.9692499098183853,5,339,local1_fixed_2_move_193_1_18,49152,65542,72,42,30,12,29110,2.845654414290622,29653,1.026203082318821,0.3202176891959531,0.33702644599617626,526640,local1_paired_b_plan_swap_0_16,1.0186533837169358,73,31
case_007,2,507494,507154,1.9965572587419207,41472,1.023936170212766,2,1943,local1_fixed_2_move_14_1_0,35328,6144,72,51,21,0,506786,1.9980070483399304,507154,1.0,0.0016778523489932886,0.0016778523489932886,41472,local1_b_candidate_local1_fixed_2_move_28_1_0_merge_28_7,1.000726144763273,73,20
case_007,3,338094,339086,2.986151005939496,69120,1.0398936170212767,3,1943,local1_fixed_2_move_21_2_0,35328,6144,72,51,21,0,338726,2.9893247049237437,339086,1.0,0.0016286644951140066,0.0016286644951140066,69120,local1_b_candidate_local1_fixed_2_move_42_2_0_swap_0_13,1.0010628059257334,73,18
case_007,4,254398,255390,3.964767610321469,96768,1.0558510638297873,4,1943,local1_fixed_2_move_28_2_0,35328,6144,72,51,21,0,254610,3.9769137111660973,255390,1.0,0.0015822784810126582,0.0031397174254317113,110592,local1_b_candidate_local1_fixed_2_move_28_3_0_move_56_2_0,1.0030635088959585,73,18
case_007,5,203834,205580,4.925391575055939,110592,1.0638297872340425,5,1943,fixed_2,35328,6144,72,51,21,0,205580,4.925391575055939,205580,1.0,0.0,0.0,110592,b_candidate_local1_fixed_2_merge_111_140,1.0,73,18
case_008,2,244266,244266,1.9962049568912579,0,1.0,2,17,a_selected,36864,37056,72,72,0,0,244163,1.997047054631537,244266,1.0,0.0,0.0,0,local1_b_candidate_fixed_1_swap_0_15,1.0004218493383519,73,21
case_008,3,163359,163359,2.984867684057811,0,1.0,3,8,a_selected,36864,37056,72,72,0,0,163256,2.9867508697995784,163359,1.0,0.0,0.0,0,local1_b_candidate_fixed_1_swap_0_15,1.000630910961925,73,21
case_008,4,123060,123060,3.962335446123842,0,1.0,4,35,a_selected,36864,37056,72,72,0,0,122957,3.9656546597591027,123060,1.0,0.0,0.0,0,local1_b_candidate_fixed_1_swap_0_15,1.0008376912253878,73,21
case_008,5,100603,100500,4.851791044776119,0,1.0,5,864,local1_fixed_1_swap_0_15,36864,55488,72,51,21,0,100500,4.851791044776119,100500,1.0,0.0,0.0,0,b_candidate_local1_fixed_1_swap_0_23,1.0,73,20
case_009,2,92198,106315,1.4415745661477684,556948,2.1243933361866385,2,1419,local1_fixed_4_split_1358_1,41472,40968,44,32,12,12,106074,1.4448498218225012,106107,1.0019602853723129,0.10503473072665105,0.10503473072665105,556948,local1_b_candidate_local1_fixed_4_split_1358_2_split_1355_1,1.0003111035692065,45,10
case_009,3,92198,95404,1.6064420779002977,704602,2.422484313551315,3,1419,local1_fixed_4_split_1358_1,41472,57348,44,33,11,10,94582,1.6204034594320271,95148,1.002690545255812,0.1479204268666655,0.16218090068696464,747098,local1_b_candidate_local1_fixed_4_split_1358_2_move_1348_0_207,1.0059842253282865,45,7
case_009,4,92207,87646,1.7486365607101293,859618,2.7354380496313584,4,1418,local1_fixed_4_move_1355_3_0,41472,36874,44,38,6,5,86960,1.7624310027598895,87098,1.006291763301109,0.21908242159590308,0.21908242159590308,859618,local1_paired_b_plan_split_1355_1,1.0015869365225392,45,6
case_009,5,92216,80068,1.9141354848378878,968808,2.9558760588857576,5,1419,local1_fixed_4_split_1358_1,41472,36870,44,33,11,9,79435,1.929388808459747,79595,1.0059425843331868,0.2156660293903516,0.2156660293903516,968808,local1_b_candidate_local1_fixed_4_split_1355_1_split_1351_1,1.0020142254673632,45,8
case_010,2,48318,51402,1.691938056884946,419900,2.093062605752961,2,667,local1_fixed_1_swap_0_19,39168,32780,72,41,31,11,51158,1.700007818913953,51158,1.0047695375112398,0.3681383366095922,0.3681383366095922,419900,local1_paired_b_plan_merge_253_254,1.0,73,29
case_010,3,30915,42369,2.052656423328377,412024,2.0725601978393855,3,666,local1_fixed_1_merge_289_295,81920,32774,72,42,30,10,41581,2.0915562396286766,41617,1.0180695388903573,0.22801540656715352,0.23316284431681764,412024,b_candidate_fixed_1,1.00086578004377,73,30
case_010,4,26426,36170,2.4044512026541334,552900,2.439281530652089,4,667,local1_fixed_1_swap_0_13,65536,32776,72,44,28,6,35023,2.4831967564172115,35100,1.0304843304843305,0.32695623408648933,0.32695623408648933,552900,local1_paired_b_plan_merge_254_261,1.0021985552351311,73,25
case_010,5,24576,31002,2.8052706277014385,671724,2.74859820382663,5,667,fixed_1,32768,32772,72,45,27,8,29582,2.9399296869718072,29582,1.0480021634777905,0.4095706677770716,0.4095706677770716,671724,b_candidate_local1_fixed_1_merge_247_254,1.0,73,26
case_011,2,92646,92646,1.9935777043801135,180224,1.2972972972972974,2,344,fixed_2,241664,0,72,48,24,0,92646,1.9935777043801135,92646,1.0,0.0,0.0,180224,b_candidate_local1_fixed_2_merge_0_1,1.0,73,22
case_011,3,69625,69625,2.6527396768402154,909312,2.5,3,344,local1_fixed_2_move_129_2_0,249856,0,72,48,24,0,68638,2.6908855153122175,69617,1.0001149144605483,0.4502840909090909,0.44929577464788734,929792,local1_paired_b_plan_move_301_2_43,1.0142632361082782,73,24
case_011,4,46880,46880,3.9397824232081913,540672,1.8918918918918919,4,344,fixed_2,200704,0,72,48,24,0,46880,3.9397824232081913,46880,1.0,0.0,0.0,540672,b_candidate_local1_fixed_2_merge_0_1,1.0,73,22
case_011,5,46880,46880,3.9397824232081913,1081344,2.7837837837837838,4,172,fixed_4,69632,0,72,60,12,0,46880,3.9397824232081913,46880,1.0,0.0,0.0,1081344,b_candidate_local1_fixed_4_merge_0_1,1.0,73,12
case_012,2,30058,39013,1.5145720657216826,255682,1.4607729708883435,2,243,local1_fixed_4_move_11_0_0,28224,24582,72,58,14,10,38968,1.5163210839663313,39012,1.0000256331385216,0.106823870087522,0.106823870087522,255682,local1_paired_b_plan_split_3_1,1.001129131595155,73,16
case_012,3,20661,26191,2.256042151884235,132992,1.2396692725509915,3,63,local2_a_selected_split_0_1,28736,26628,72,52,20,8,26190,2.2561282932416953,26191,1.0,0.02343480758184951,0.02343480758184951,132992,local1_paired_b_plan_merge_40_41,1.0000381825124094,73,16
case_012,4,15863,26397,2.2384361859302193,173320,1.3123456923614791,4,60,local1_a_selected_move_3_1_0,28736,26628,72,54,18,6,24221,2.4395359398868752,26396,1.0000378845279587,0.028517543677851236,0.03194151398645927,175372,local1_paired_b_plan_move_4_2_0,1.0897981090788984,73,19
case_012,5,13406,26597,2.221603940294018,173320,1.3123456923614791,5,60,local1_a_selected_move_3_4_0,28736,26628,72,60,12,0,24231,2.438529156865173,26597,1.0,0.028517543677851236,0.03194151398645927,175372,local1_paired_b_plan_move_4_1_7,1.0976435145062111,73,14
case_013,2,132198,132198,1.9966187083011846,8192,1.0032414910858996,2,82,fixed_24,20480,0,72,72,0,0,132198,1.9966187083011846,132198,1.0,0.0,0.0,8192,b_candidate_fixed_4,1.0,73,6
case_013,3,88351,88351,2.98750438591527,16384,1.006482982171799,3,123,fixed_16,20480,0,72,72,0,0,88351,2.98750438591527,88351,1.0,0.0,0.0,16384,b_candidate_fixed_4,1.0,73,6
case_013,4,66982,66982,3.9405959810098237,24576,1.0097244732576987,4,492,fixed_4,20480,0,72,66,6,0,66982,3.9405959810098237,66982,1.0,0.0,0.0,24576,b_candidate_fixed_8,1.0,73,0
case_013,5,54363,54363,4.855305998565201,32768,1.012965964343598,5,492,fixed_4,20480,0,72,66,6,0,54176,4.872065121086828,54363,1.0,0.0,0.00796812749003984,32768,local2_b_candidate_fixed_8_split_1_1,1.0034517129356173,73,0
case_014,2,8876630,8958679,1.9755843467546945,77130512,8.765280476484836,2,2232,local1_fixed_16_move_61_1_0,524016,770,44,34,10,6,8921063,1.9839144729725595,8922693,1.0040330873201622,0.3747352103485287,0.3747352103485287,77130512,local1_paired_b_plan_split_61_2,1.0001827136519492,45,6
case_014,3,5961708,6040782,2.9298567635779604,77728796,8.825514007212512,3,2232,local1_fixed_16_move_206_0_0,524016,438,44,34,10,8,5992165,2.9536279458259243,5992255,1.0080982868719706,0.4541210487788465,0.4538921204617029,77728796,local1_b_candidate_local1_fixed_16_move_119_0_0_split_70_1,1.0000150196131115,45,11
case_014,4,4520765,4601282,3.8464554009078338,78842408,8.93762929463572,4,2232,local1_fixed_16_move_264_0_0,524016,372,44,36,8,6,4535513,3.9022324486778013,4537016,1.0141648166989052,0.5040465674047664,0.5047990389136036,78842408,local1_b_candidate_local1_fixed_16_move_148_0_0_split_90_1,1.0003313847849185,45,8
case_014,5,3842627,3829456,4.621707626357373,79754112,9.029417059139774,5,2232,local1_fixed_16_move_264_0_0,524016,348,44,39,5,5,3753079,4.715761645305095,3753186,1.020321401603864,0.532420587767258,0.5324252339651001,79754112,local1_paired_b_plan_split_119_2,1.0000285099247843,45,6
case_015,2,97138,94288,1.8810665195995249,311404,1.352022464035161,2,20,local1_a_selected_merge_0_2,196608,122890,72,56,16,1,94288,1.8810665195995249,94288,1.0,0.0,0.0,295016,local1_paired_b_plan_split_16_1,1.0,73,13
case_015,3,68260,91805,1.9319427046457165,1820888,3.058398352275682,3,1013,local1_fixed_1_swap_0_5,125952,98308,72,44,28,11,87419,2.028872441917661,87477,1.0494758622266425,0.2619768250862614,0.2619768250862614,1820888,local1_b_candidate_local1_fixed_1_swap_0_21_swap_0_22,1.0006634713277434,73,26
case_015,4,59806,79873,2.2205501233207716,2235226,3.5267811723531395,4,1013,local1_fixed_1_move_28_0_0,113664,57354,72,44,28,11,71984,2.463908646365859,73266,1.0901782545792045,0.3431506274068222,0.3407616911677792,2235226,local1_paired_b_plan_merge_28_0,1.0178095132251612,73,26
case_015,5,49799,75499,2.3491966781016966,2365878,3.6744749687434295,5,1013,fixed_1,116736,57346,72,41,31,10,66979,2.6480240075247465,66979,1.127204049030293,0.3534266380634373,0.3534266380634373,2365878,b_candidate_local1_fixed_1_merge_0_2,1.0,73,29
case_016,2,4550194,4027025,1.9159362060081573,404200,2.0279285281955555,2,17995,fixed_1,393216,65546,44,27,17,8,4026193,1.9163321281418948,4026193,1.0002066468249287,0.49653249554250156,0.49653249554250156,404200,b_candidate_local1_fixed_1_merge_0_1,1.0,45,15
case_016,3,3712678,3030137,2.5462620997004426,609332,2.549603527814088,3,17995,fixed_1,262144,65542,44,27,17,10,3029818,2.5465301876218307,3029818,1.0001052868522136,0.5947175345539961,0.5947175345539961,609332,b_candidate_local1_fixed_1_merge_0_1,1.0,45,15
case_016,4,3241338,2395892,3.2203133530225903,744064,2.8922429797211726,4,17995,local1_fixed_1_swap_0_3,196608,65540,44,27,17,10,2392698,3.224612132412866,2392698,1.001334894750612,0.6414804707487635,0.6414804707487635,744064,local1_paired_b_plan_merge_0_1,1.0,45,14
case_016,5,3223183,2090062,3.6915282895914094,546240,2.389153090652005,5,17995,fixed_1,196608,65538,44,27,17,10,2086888,3.6971428270228204,2086888,1.0015209249370354,0.5666379458900569,0.5666379458900569,546240,b_candidate_local1_fixed_1_merge_0_1,1.0,45,15
case_017,2,81772,77229,2.1081459037408226,150152,1.2332052520571177,2,86,local1_fixed_16_move_71_0_22,107520,57348,72,57,15,5,77229,2.1081459037408226,77229,1.0,0.010848836716531763,0.010848836716531763,150152,local1_paired_b_plan_merge_0_1,1.0,73,16
case_017,3,55389,58288,2.793199286302498,308288,1.478810676822052,3,58,local1_fixed_24_move_2_1_12,95232,71686,72,61,11,0,58288,2.793199286302498,58288,1.0,0.12647086804658939,0.12647086804658939,308288,b_candidate_local2_fixed_24_split_0_1,1.0,73,12
case_017,4,41209,53838,3.02407221664995,336960,1.5233419583699612,4,57,local1_a_selected_move_2_1_12,95232,71686,72,57,15,0,53838,3.02407221664995,53838,1.0,0.12405382562396185,0.12405382562396185,336960,b_candidate_local1_a_selected_move_2_2_12,1.0,73,18
case_017,5,34231,53838,3.02407221664995,307148,1.4770401110797033,5,57,local1_a_selected_move_2_2_13,95232,71686,72,56,16,0,53838,3.02407221664995,53838,1.0,0.12510004845884537,0.12510004845884537,307148,b_candidate_local1_a_selected_move_2_4_1,1.0,73,18
case_018,2,510696,517800,1.9396813441483198,2104948,2.321499603226422,2,682,fixed_4,524288,81972,72,54,18,6,517800,1.9396813441483198,517800,1.0,0.44365348983543923,0.44365348983543923,2104948,b_candidate_local1_fixed_4_merge_144_145,1.0,73,16
case_018,3,345351,344821,2.9127199329507194,3051736,2.9158990688377044,3,682,fixed_4,397312,81936,72,55,17,6,344440,2.915941818604111,344440,1.001106143305075,0.5423714061910703,0.5405146653514752,3051736,b_candidate_local1_fixed_4_merge_169_170,1.0,73,15
case_018,4,258569,263616,3.8099622177713037,4799752,4.013314515886011,4,1364,local1_fixed_2_move_363_2_0,524288,65540,72,54,18,5,262739,3.8226795412938315,263240,1.0014283543534417,0.6319178790340447,0.634667776651382,4807944,local1_paired_b_plan_move_463_0_0,1.0019068353004312,73,18
case_018,5,209976,215899,4.6520224734713915,4034540,3.532909605938545,5,1364,local1_fixed_2_swap_0_16,249856,65536,72,54,18,5,215039,4.6706271885564945,215490,1.0018979999071882,0.3937632635880527,0.3857812387338669,4034540,local1_b_candidate_fixed_2_swap_0_22,1.0020972939792316,73,18
case_019,2,41382,45280,1.7920494699646643,150336,1.804004620716211,2,324,local1_fixed_2_move_54_1_0,31488,22534,72,37,35,13,45262,1.7927621404268481,45262,1.0003976845919313,0.06518824136152657,0.06518824136152657,150336,local1_paired_b_plan_merge_106_107,1.0,73,34
case_019,3,28657,34150,2.37610541727672,247160,2.321824327215163,3,324,local1_fixed_2_move_26_1_0,31488,18434,72,39,33,12,34098,2.379729016364596,34251,0.9970511809874164,0.16474527624970103,0.1831140875388663,247160,b_candidate_local1_fixed_2_move_26_2_0,1.0044870666901284,73,32
case_019,4,24099,28282,2.8691040237606957,275800,2.474992512728362,4,324,local1_fixed_2_move_54_0_0,31488,16520,72,45,27,10,28244,2.8729641693811074,28244,1.0013454184959638,0.18579623782629964,0.18579623782629964,275800,local1_paired_b_plan_merge_106_107,1.0,73,26
case_019,5,24099,25482,3.1843654344242993,290964,2.556090360672571,5,324,fixed_2,31488,16514,72,46,26,5,25413,3.1930114508322514,25413,1.002715145791524,0.21811264038005748,0.21811264038005748,290964,b_candidate_local1_fixed_2_merge_102_103,1.0,73,23
case_020,2,266956,266580,1.9984469952734638,0,1.0,2,1752,fixed_4,0,32768,44,44,0,0,266580,1.9984469952734638,266580,1.0,0.0,0.0,0,b_candidate_local1_fixed_4_split_0_1,1.0,45,0
case_020,3,178464,181764,2.930976430976431,0,1.0,3,1752,fixed_4,0,32768,44,44,0,0,181764,2.930976430976431,181764,1.0,0.0,0.0,0,b_candidate_local1_fixed_4_split_0_1,1.0,45,0
case_020,4,133704,139273,3.8251922483180514,0,1.0,4,1752,fixed_4,0,32768,44,44,0,0,139273,3.8251922483180514,139273,1.0,0.0,0.0,0,b_candidate_local1_fixed_4_split_0_1,1.0,45,0
case_020,5,107650,115022,4.631687851019805,0,1.0,5,1752,fixed_4,0,32768,44,44,0,0,115022,4.631687851019805,115022,1.0,0.0,0.0,0,b_candidate_local1_fixed_4_split_0_1,1.0,45,0
case_021,2,3162700,3214106,2.043472430591897,35590144,11.661349693251534,2,3920,local1_fixed_1_move_0_1_0,522240,0,72,52,20,7,3210064,2.0460454994043733,3210064,1.0012591649263067,0.06917542888765911,0.06917542888765911,35590144,local1_paired_b_plan_merge_10_12,1.0,73,18
case_021,3,2144024,2230404,2.944729744028436,43739136,14.102453987730062,3,3920,fixed_1,423936,0,72,53,19,8,2230404,2.944729744028436,2230404,1.0,0.008311644698178154,0.008311644698178154,43739136,b_candidate_local1_fixed_1_merge_0_3,1.0,73,17
case_021,4,1550324,1738549,3.7778267969438883,53135360,16.91717791411043,4,3920,local1_fixed_1_swap_0_10,389120,0,72,53,19,7,1737419,3.7802838578374014,1737565,1.0005663097495634,0.055286328578254045,0.055286328578254045,53135360,local1_b_candidate_fixed_1_swap_0_7,1.0000840326944738,73,20
case_021,5,1250168,1387229,4.734573022911142,59209728,18.73680981595092,5,3920,local1_fixed_1_swap_0_13,524288,0,72,50,22,11,1378692,4.763889976876634,1378718,1.0061731260489817,0.11381888673497646,0.11352429497479084,59185152,local1_paired_b_plan_move_10_2_0,1.000018858454245,73,21
case_022,2,31089,39773,1.4276016393030448,144620,1.6767874357702424,2,170,fixed_8,16384,81926,72,49,23,7,39773,1.4276016393030448,39773,1.0,0.05909951995219892,0.05909951995219892,144620,b_candidate_local1_fixed_8_merge_117_118,1.0,73,19
case_022,3,20473,31562,1.798998796020531,262156,2.2268281497150024,3,19,local1_a_selected_move_18_2_0,36864,100354,72,56,16,4,30251,1.876962745033222,31562,1.0,0.11218905608905007,0.17889296974030616,469400,local1_paired_b_plan_move_13_2_0,1.0433374103335427,73,16
case_022,4,16137,32088,1.769508850660683,433318,3.027825875349812,4,678,local1_fixed_2_move_465_1_0,10752,49160,72,41,31,9,32079,1.770005299417064,32079,1.000280557373983,0.2508790464362328,0.2508790464362328,433318,local1_paired_b_plan_merge_484_485,1.0,73,31
case_022,5,13013,29686,1.9126861146668463,427478,3.0004960549591457,5,678,local1_fixed_2_swap_0_23,12288,49160,72,41,31,9,29673,1.9135240791291748,29673,1.0004381087183636,0.2740509266668801,0.2740509266668801,427478,local1_paired_b_plan_merge_484_485,1.0,73,30
case_023,2,61501,82193,1.4917815385738444,822416,2.854610728750417,2,1011,local1_fixed_1_move_904_1_249,61440,20486,72,42,30,6,80752,1.5184020210025757,82162,1.0003773033762566,0.1442616768331455,0.16973423908612234,837776,local1_b_candidate_local1_fixed_1_move_494_1_0_move_904_1_249,1.0174608678422825,73,26
case_023,3,41403,62012,1.9772624653292912,993034,3.239367315827929,3,1011,local1_fixed_1_swap_0_17,81408,16524,72,45,27,4,60615,2.0228326321867525,60665,1.0222039067007336,0.28807429076359886,0.28807429076359886,993034,local1_paired_b_plan_swap_0_18,1.0008248783304463,73,24
case_023,4,30142,52816,2.3215313541351104,965658,3.1776323504207973,4,1011,local1_fixed_1_swap_0_19,58368,20492,72,44,28,6,51862,2.364235856696618,51901,1.0176297181171847,0.28091669998323426,0.27933204481125595,977946,local1_paired_b_plan_move_910_2_102,1.0007519956808453,73,25
case_023,5,24517,46643,2.6287760221255065,1076390,3.427341445594032,5,1011,local1_fixed_1_move_494_2_0,61440,20480,72,45,27,6,44004,2.786428506499409,44030,1.059345900522371,0.2898965968763077,0.2898965968763077,1076390,local1_paired_b_plan_swap_0_19,1.000590855376784,73,26
case_024,2,1506718,1335245,1.9137633917370969,396856,2.009251865377475,2,5959,fixed_1,393216,65546,44,28,16,8,1334413,1.9149566138819092,1334413,1.0006234951248227,0.4988455468555741,0.4988455468555741,396856,b_candidate_local1_fixed_1_merge_0_1,1.0,45,14
case_024,3,1228774,1004417,2.5441056851885224,596276,2.516400571693056,3,5959,fixed_1,262144,65542,44,30,14,10,1004098,2.544913942662967,1004098,1.0003176980732957,0.5982402313371848,0.5982402313371848,596276,b_candidate_local1_fixed_1_merge_0_1,1.0,45,12
case_024,4,1072818,797552,3.2039829377896365,728560,2.8528144693274466,4,5959,local1_fixed_1_swap_0_3,196608,65540,44,30,14,10,794358,3.216865695316218,794358,1.00402085709466,0.645198686159593,0.645198686159593,728560,local1_paired_b_plan_merge_0_1,1.0,45,12
case_024,5,1067515,696946,3.666486356188284,531552,2.3517997650158438,5,5959,fixed_1,196608,65538,44,31,13,10,693772,3.683260494802327,693772,1.0045749900543695,0.5698268225321776,0.5698268225321776,531552,b_candidate_local1_fixed_1_merge_0_1,1.0,45,12
case_025,2,2433620,2432174,1.9994564533623005,27648,1.0033644859813085,2,18662,local1_fixed_1_move_1_0_0,35328,6144,44,37,7,0,2431840,1.9997310678334101,2432174,1.0,0.0044411547002220575,0.0,27648,local1_paired_b_plan_merge_1_0,1.0001373445621422,45,2
case_025,3,1624040,1623962,2.994544207315196,55296,1.006728971962617,3,4666,fixed_4,35328,6144,44,44,0,0,1623962,2.994544207315196,1623962,1.0,0.0,0.0,55296,b_candidate_local1_fixed_4_merge_0_1,1.0,45,0
case_025,4,1271901,1219268,3.9884799732298397,82944,1.0100934579439251,4,4666,fixed_4,35328,6144,44,44,0,0,1219268,3.9884799732298397,1219268,1.0,0.0,0.0,82944,b_candidate_local1_fixed_4_merge_0_1,1.0,45,0
case_025,5,1067084,978930,4.967695340831316,110592,1.0134579439252336,5,4666,fixed_4,35328,6144,44,44,0,0,978930,4.967695340831316,978930,1.0,0.0,0.0,110592,b_candidate_local1_fixed_4_merge_0_1,1.0,45,0
case_026,2,63846,60836,1.6306627654678152,402636,1.7613367772579955,2,317,local1_fixed_2_merge_19_20,131072,73734,72,47,25,9,59405,1.6699436074404512,60627,1.0034473089547562,0.2234276814007197,0.22880590890439065,416076,local1_b_candidate_local2_fixed_2_split_19_1_move_279_1_0,1.0205706590354346,73,24
case_026,3,40115,45428,2.1837413049220746,530996,2.0040502671814906,3,317,local1_fixed_2_merge_13_14,114688,73732,72,50,22,10,44944,2.207257920968316,44969,1.0102070315105962,0.2732603732812854,0.2769755592020036,543284,local1_paired_b_plan_move_282_0_0,1.000556247775009,73,17
case_026,4,33527,39505,2.511150487280091,688292,2.301478290794813,4,318,local1_fixed_2_move_17_1_0,65536,65538,72,41,31,8,38640,2.567365424430642,38653,1.0220422735622072,0.389500626749833,0.37312435173447045,665764,local1_b_candidate_local1_fixed_2_move_19_1_0_merge_13_14,1.0003364389233955,73,31
case_026,5,31375,37307,2.659098828638057,660744,2.2493882999844947,5,318,local1_fixed_2_move_279_2_37,88064,65538,72,47,25,9,35206,2.8177867408964383,35854,1.0405254643833324,0.3300148723122298,0.3810185092619016,736520,local1_paired_b_plan_move_17_0_0,1.0184059535306482,73,24
case_027,2,1120962,1120962,2.10886006840553,1744896,1.855421686746988,2,712,fixed_2,524288,0,72,44,28,2,1120962,2.10886006840553,1120962,1.0,0.08904109589041095,0.08904109589041095,1744896,b_candidate_local1_fixed_2_merge_0_1,1.0,73,22
case_027,3,837049,839330,2.8164750455720635,2953216,2.4477911646586343,3,712,local1_fixed_2_move_0_2_0,522240,0,72,48,24,0,837298,2.823310219300655,839252,1.0000929399036285,0.39184549356223175,0.38097269624573377,3006464,local1_b_candidate_local1_fixed_2_move_89_2_0_move_534_2_89,1.0023336972021908,73,24
case_027,4,559196,559196,4.227412213249022,1843200,1.9036144578313252,4,712,fixed_2,518144,0,72,48,24,0,559196,4.227412213249022,559196,1.0,0.0,0.0,1843200,b_candidate_local1_fixed_2_merge_0_1,1.0,73,22
case_027,5,558753,559163,4.227661701507432,3317760,2.6265060240963853,5,712,fixed_2,333824,0,72,48,24,0,558958,4.2292122127243905,559163,1.0,0.0,0.0899803536345776,3405824,local1_b_candidate_local1_fixed_2_merge_177_534_move_177_3_44,1.0003667538527046,73,22
case_028,2,20808437,22103658,1.9832029612474098,284769720,49.195737473191656,2,19583,local1_fixed_1_merge_501_512,523224,0,44,29,15,10,22100410,1.9834944238591048,22100796,1.000129497598186,0.002548319558045951,0.002548331279999816,284768424,local1_paired_b_plan_merge_245_256,1.0000174657393235,45,14
case_028,3,14071516,15001681,2.922075199439316,278956272,48.21184278936765,3,407,local1_a_selected_move_17_0_0,523776,0,44,44,0,0,15230064,2.8782571104100416,15260665,0.9830293109769462,0.3034112783280012,0.2876415717990916,278879280,local1_b_candidate_local1_a_selected_move_17_1_0_split_17_2,1.0020092496000017,45,5
case_028,4,10924174,11557427,3.7928891958391775,280580088,48.48666487944369,4,408,local1_a_selected_move_1_3_0,523776,0,44,39,5,2,11531992,3.801254804894072,11699302,0.9878732081623331,0.33432719698296226,0.27468397114117626,278976120,local1_paired_b_plan_move_17_3_0,1.0145083347265589,45,4
case_028,5,10039308,10575290,4.145138336631903,278820000,48.188779489179176,5,1224,local1_fixed_16_move_3_3_0,523704,0,44,44,0,0,9210117,4.759553000249617,9561845,1.1059884363321095,0.3493036515694222,0.2960176296762798,279995616,local1_b_candidate_local1_fixed_16_move_3_4_0_move_9_3_0,1.038189308561444,45,0
case_029,2,19740,23800,1.5779411764705882,487584,2.1334839735542723,2,13,local1_a_selected_move_3_1_0,0,129106,72,56,16,3,22863,1.642610331102655,23766,1.0014306151645207,0.280664134087398,0.280664134087398,487584,local1_paired_b_plan_swap_1_1,1.0394961291169138,73,16
case_029,3,12743,22853,1.6433291033999913,43054,1.1000874085232608,3,108,local1_fixed_8_swap_0_1,0,18440,72,48,24,15,22845,1.6439045743050995,22848,1.000218837535014,0.11560478676070181,0.11560478676070181,43054,local1_paired_b_plan_swap_0_2,1.0001313197636243,73,22
case_029,4,11028,18514,2.028464945446689,180550,1.4197236402860305,4,431,fixed_2,0,16390,72,33,39,16,16879,2.2249540849576395,17764,1.04222022067102,0.40173310225303294,0.3792807432587625,610698,local1_adaptive_memory_24_merge_21_26,1.0524320161146987,73,20
case_029,5,9383,16225,2.314637904468413,59452,1.1382077533219888,5,107,local1_a_selected_move_19_3_0,0,16396,72,58,14,3,15581,2.4103074257108017,16192,1.002038043478261,0.16123770295632897,0.3998554711175346,582026,local1_adaptive_memory_24_merge_22_28,1.0392144278287658,73,19
case_030,2,1401492,1426431,1.9685733133954604,7211524,4.012257002748469,2,630,local1_a_selected_move_64_1_0,524288,310,44,29,15,7,1425894,1.969314689591232,1425894,1.0003766058346553,0.3829654784695858,0.3829654784695858,7211524,local1_paired_b_plan_split_14_1,1.0,45,13
case_030,3,936416,988944,2.839426701613034,7492120,4.129462085327853,3,630,fixed_16,524288,340,44,34,10,6,988866,2.839650670566083,988866,1.0000788782302152,0.43301238158933036,0.43301238158933036,7492120,b_candidate_local1_fixed_16_merge_0_1,1.0,45,10
case_030,4,699900,749038,3.7488538632218926,8482584,4.543179368938122,4,631,local1_a_selected_split_14_1,524288,220,44,33,11,5,744938,3.76948685662431,748960,1.0001041444135867,0.4803025761560332,0.17457965491347668,31811336,local1_fixed_4_move_15_0_0,1.0053991070397805,45,10
case_030,5,561102,624499,4.496458761343092,9372552,4.914919425578306,5,630,local1_a_selected_move_64_0_0,524288,168,44,33,11,9,623128,4.506351824986199,623262,1.0019847191068925,0.4950588554127026,0.4802746946532939,9548680,local1_b_candidate_local1_a_selected_move_64_4_0_move_14_0_0,1.0002150441000885,45,8
case_031,2,731359,763891,1.8515324830375015,5468662,3.502774319920917,2,384,local1_fixed_16_move_78_1_0,524288,98324,44,35,9,3,763622,1.8521847196649652,763794,1.000126997593592,0.3026433112135608,0.30165835772471894,5468662,local1_paired_b_plan_split_27_2,1.000225242331939,45,7
case_031,3,503429,559854,2.5263175756536524,14045048,7.427821916303592,3,1534,fixed_4,524288,65542,44,35,9,7,557935,2.5350067660211315,558206,1.002952315095144,0.15687973590914028,0.15687973590914028,14045048,local1_b_candidate_local1_fixed_4_split_0_1_split_4_1,1.0004857196626846,45,8
case_031,4,379558,461687,3.0634802366105176,7474218,4.420632116574525,4,384,local1_fixed_16_move_19_2_0,524288,98316,44,39,5,5,460314,3.0726178217477633,460321,1.0029674944223705,0.2517027637329223,0.24535835336406647,7486506,b_candidate_local1_fixed_16_move_38_2_0,1.0000152070108665,45,3
case_031,5,315425,407625,3.4697798221404477,7905324,4.617931021857723,5,384,local1_fixed_16_move_11_1_0,523264,98324,44,41,3,3,389238,3.63368684455269,400578,1.0175920794452016,0.28992821784104794,0.29250494366385443,7748652,local1_paired_b_plan_move_62_3_0,1.0291338461301311,45,3
case_032,2,21040,22200,1.8668018018018018,82032,1.2798886341303635,2,35,fixed_24,40960,47108,72,60,12,0,22200,1.8668018018018018,22200,1.0,0.025263054017047627,0.025263054017047627,82032,b_candidate_local1_fixed_24_merge_22_23,1.0,73,10
case_032,3,14175,14073,2.9448589497619557,82032,1.2798886341303635,3,34,local1_fixed_24_merge_29_30,40960,47108,72,60,12,0,14073,2.9448589497619557,14073,1.0,0.025263054017047627,0.025263054017047627,82032,local1_paired_b_plan_merge_22_23,1.0,73,10
case_032,4,11004,14073,2.9448589497619557,82032,1.2798886341303635,3,34,local1_fixed_24_merge_29_30,40960,47108,72,60,12,0,14073,2.9448589497619557,14073,1.0,0.025263054017047627,0.025263054017047627,82032,local1_paired_b_plan_merge_22_23,1.0,73,10
case_032,5,10496,14073,2.9448589497619557,82032,1.2798886341303635,3,34,local1_fixed_24_merge_29_30,40960,47108,72,60,12,0,14073,2.9448589497619557,14073,1.0,0.025263054017047627,0.025263054017047627,82032,local1_paired_b_plan_merge_22_23,1.0,73,10
case_033,2,895153,948152,1.8712147419401108,12898424,5.338652700552657,2,435,local1_fixed_8_split_22_1,523776,57370,72,50,22,8,948151,1.871216715480973,948151,1.0000010546843277,0.07864648145481071,0.07864648145481071,12898424,local1_paired_b_plan_merge_0_1,1.0,73,20
case_033,3,593958,675566,2.62623637068769,17176740,6.777753110588615,3,435,local1_fixed_8_split_22_1,523776,57372,72,50,22,10,675331,2.6271502418813886,675331,1.0003479775102875,0.08928750291067367,0.08928750291067367,17176740,local1_paired_b_plan_merge_0_1,1.0,73,20
case_033,4,445071,536561,3.3066063318057033,24113996,9.111243192696717,4,867,local1_fixed_4_move_50_1_0,523776,57358,72,56,16,10,527218,3.365203767701406,527681,1.0168283489456698,0.08694961270489357,0.08767708755443984,24113996,local1_b_candidate_local1_fixed_4_move_62_1_0_split_47_2,1.0008781945988188,73,16
case_033,5,355787,474621,3.738132109620097,13261996,5.460947690982909,5,217,local1_a_selected_move_53_4_13,523776,49164,72,56,16,5,466500,3.8032068595927115,474450,1.000360417325324,0.24031804344399066,0.10940656289689626,24392028,local1_fixed_4_split_44_1,1.0170418006430868,73,17
case_034,2,429811,434660,1.9394377214374454,2193484,1.9618915394148184,2,235,fixed_16,422912,122896,72,50,22,6,433979,1.9424810877945706,433979,1.0015692003530126,0.25411915019049386,0.25411915019049386,2193484,b_candidate_local1_fixed_16_merge_118_119,1.0,73,20
case_034,3,295827,310533,2.714674446838178,5596584,3.454226609003914,3,469,local1_fixed_8_move_295_2_69,317440,122886,72,56,16,3,305467,2.759695810022032,308685,1.0059866854560475,0.3261704557251116,0.31916747306729076,5613992,local1_paired_b_plan_move_289_2_69,1.0105346895081957,73,13
case_034,4,227131,253639,3.3236055969310714,6260120,3.7452019087996504,4,469,local1_fixed_8_move_248_3_65,282624,122886,72,56,16,2,245907,3.428109000557121,254462,0.9967657253342346,0.36835507154615676,0.31605218421282005,10975236,local1_fixed_4_move_798_2_122,1.0347895749206,73,13
case_034,5,187886,216638,3.8912656136042614,6952904,4.049003107368665,5,469,local1_fixed_8_move_245_0_47,226304,98324,72,56,16,3,202988,4.1529351488757955,209407,1.0345308418534243,0.3581562191439286,0.3183585698484711,6780872,local1_b_candidate_local1_fixed_8_move_264_0_0_move_273_0_0,1.0316225589690031,73,12
case_035,2,95406,118452,1.4315587748623915,156018,1.3797407351516597,2,160,local1_fixed_24_merge_123_124,73728,25606,72,52,20,7,117507,1.4430714765928838,118452,1.0,8.001583471255365e-05,8.001583471255365e-05,156018,local1_paired_b_plan_merge_123_125,1.008042074089203,73,18
case_035,3,95424,114524,1.480659075826901,1249080,4.040204062757087,3,1928,local1_fixed_2_merge_1474_1479,49152,16386,72,44,28,9,113589,1.4928470186373681,114352,1.0015041276059886,0.23378408629832245,0.23378408629832245,1249080,local1_paired_b_plan_merge_1472_1474,1.0067171997288469,73,29
case_035,4,95442,105834,1.6022355764688097,1551776,4.776952396715135,4,1928,local1_fixed_2_merge_1855_1856,32768,16388,72,41,31,12,105409,1.608695652173913,105465,1.0034987910681268,0.3240679402479127,0.3240679402479127,1551776,local1_paired_b_plan_merge_1854_1855,1.0005312639338197,73,28
case_035,5,95460,85995,1.9718704575847432,248118,1.6039079575713027,5,161,local1_a_selected_move_154_4_0,73728,20488,72,56,16,4,85514,1.9829618541993124,85995,1.0,0.03022419523778913,0.029537954405194362,272694,local1_paired_b_plan_move_155_3_0,1.0056248099726361,73,18
case_036,2,466068,466068,1.998656848356892,1152,1.0001757503563826,2,49,a_selected,13440,8192,72,72,0,0,466068,1.998656848356892,466068,1.0,0.0,0.0,1152,b_candidate_fixed_1,1.0,73,16
case_036,3,311345,311345,2.991890025534375,2304,1.0003515007127652,3,2400,fixed_1,13440,8192,72,56,16,0,311345,2.991890025534375,311345,1.0,0.0,0.0,2304,b_candidate_local1_fixed_1_merge_0_1,1.0,73,16
case_036,4,233584,233584,3.987901568600589,3456,1.000527251069148,4,2400,fixed_1,13440,8192,72,56,16,0,233584,3.987901568600589,233584,1.0,0.0,0.0,3456,b_candidate_fixed_2,1.0,73,16
case_036,5,187182,187182,4.976493466252097,4608,1.0007030014255307,5,25,a_selected,13440,8192,72,71,1,0,187182,4.976493466252097,187182,1.0,0.0,0.0,4608,b_candidate_fixed_1,1.0,73,16
case_037,2,105374,107927,1.9457688993486337,729088,2.1866666666666665,2,34,local1_a_selected_move_8_1_7,401408,0,72,58,14,2,106205,1.9773174520973589,107729,1.0018379452143806,0.3420074349442379,0.3382899628252788,729088,local1_b_candidate_local2_a_selected_split_13_1_split_26_1,1.0143496068923308,73,21
case_037,3,74038,74011,2.837429571279945,2058240,4.35,3,98,local1_fixed_8_move_5_0_0,245760,0,72,52,20,2,72387,2.9010872117921727,73071,1.0128642005720463,0.36363636363636365,0.36470588235294116,2058240,local1_b_candidate_local2_fixed_8_split_5_1_split_1_2,1.0094492104935968,73,14
case_037,4,53320,65878,3.1877257961686754,2752512,5.48,4,97,local1_fixed_8_merge_25_39,161792,0,72,54,18,0,64303,3.265804083790803,65279,1.0091759984068382,0.34476843910806176,0.346483704974271,2752512,local1_b_candidate_local2_fixed_8_split_0_1_split_6_2,1.0151781409887564,73,16
case_037,5,43800,72471,2.897724607084213,3055616,5.973333333333334,5,98,local1_fixed_8_move_11_0_0,151552,0,72,55,17,0,54025,3.887107820453494,54128,1.3388819095477387,0.3490566037735849,0.3404255319148936,3049472,local1_b_candidate_local2_fixed_8_split_0_1_move_21_4_5,1.0019065247570569,73,10
case_038,2,683286,710415,1.9207857379137547,7175944,3.5601398526552384,2,370,a_selected,524288,57344,44,39,5,2,708772,1.9252382994813564,708772,1.0023180938298917,0.34368823189743664,0.34368823189743664,7175944,b_candidate_local1_a_selected_split_167_1,1.0,45,4
case_038,3,452248,499748,2.7304861650271737,8698660,4.103394637792326,3,370,local1_fixed_16_move_226_1_56,524288,57344,44,38,6,6,499610,2.7312403674866395,499610,1.0002762154480496,0.3443090959740744,0.35234130163808175,8595748,b_candidate_fixed_16,1.0,45,6
case_038,4,339624,403599,3.3809672471933774,9441092,4.368269858541893,4,370,local1_a_selected_move_205_0_0,523776,57344,44,41,3,1,390791,3.491776934473926,401766,1.004562357192993,0.3167558114606225,0.33652361573705325,9484100,local1_b_candidate_local1_a_selected_move_211_2_47_move_205_2_47,1.0280840653955694,45,2
case_038,5,275133,321219,4.248051952094988,10703452,4.818638220446315,5,370,local1_fixed_16_move_208_3_33,523776,57344,44,40,4,2,303004,4.503422397064065,304042,1.0564954841765282,0.34901938719623155,0.3486505441612583,10706524,local1_paired_b_plan_move_223_4_22,1.00342569735053,45,2
case_039,2,703838,731052,1.9632830496325844,10723328,3.3886861313868613,2,110,local1_a_selected_move_53_1_25,524288,0,44,42,2,2,722358,1.9869123066401977,731052,1.0,0.2752447552447552,0.2753505933117584,11382784,local1_b_candidate_local1_a_selected_move_3_1_0_move_0_1_0,1.0120355834641548,45,6
case_039,3,485565,550615,2.6066525612269915,21016576,5.681569343065694,3,329,local1_fixed_16_move_1_0_0,524288,0,44,34,10,6,545805,2.6296241331611108,546030,1.0083969745252093,0.1632870864461046,0.16029882604055495,21016576,local1_b_candidate_local1_fixed_16_move_15_0_0_split_1_1,1.0004122351389233,45,9
case_039,4,395323,438148,3.2757470078603577,10788864,3.403284671532847,4,110,local1_fixed_48_move_3_1_0,524288,0,44,44,0,0,425438,3.3736102557834515,437875,1.0006234656009134,0.3307543520309478,0.20742402610646543,22077440,fixed_16,1.02923340181178,45,4
case_039,5,395323,335425,4.27893567861668,11079680,3.468065693430657,5,110,local1_fixed_48_move_3_4_0,524288,0,44,44,0,0,333553,4.302950355715583,334691,1.0021930676355206,0.22493224932249323,0.1463083604777416,11030528,local1_b_candidate_local1_fixed_48_move_14_4_0_split_14_1,1.0034117516556589,45,0
case_040,2,139970,178488,1.4200058267222446,717954,1.7878885647876845,2,772,local1_fixed_4_split_3_1,180224,106506,72,54,18,10,178477,1.420093345361027,178477,1.0000616325913143,0.24911680457212637,0.24911680457212637,717954,local1_paired_b_plan_merge_678_679,1.0,73,17
case_040,3,110105,135089,1.8762001347259956,1564672,2.7170837915012322,3,29,local1_a_selected_merge_4_7,245760,131072,72,60,12,0,134952,1.8781048076353073,135089,1.0,0.012020542920029346,0.012020542920029346,1564672,local1_paired_b_plan_merge_4_8,1.0010151757661983,73,9
case_040,4,110202,156892,1.6154679652244857,3179902,4.489650343817971,4,3083,local1_fixed_1_move_3017_1_376,131072,40964,72,61,11,3,152944,1.6571686368867036,153172,1.0242864231060507,0.298132073670477,0.29788940335069847,3184510,local1_paired_b_plan_move_3023_1_376,1.001490741709384,73,16
case_040,5,110337,124168,2.0412183493331617,2986700,4.277628896073254,5,3083,local1_fixed_1_swap_0_10,65536,40964,72,58,14,8,120151,2.109462259989513,120525,1.0302260941713337,0.31043349149758703,0.31135876683928837,2986700,local1_b_candidate_local1_fixed_1_swap_0_15_swap_0_21,1.0031127497898478,73,14
case_041,2,3032665,3027536,1.9831166334603454,35010916,8.072940900771316,2,1037,local1_a_selected_move_27_0_0,524288,8550,44,34,10,0,3024810,1.9849038452001944,3027016,1.0001717863400788,0.11563067080208526,0.11516591730207688,35010916,local1_paired_b_plan_split_4_1,1.0007293020057457,45,9
case_041,3,2034639,2076367,2.891568301750124,38865632,8.851674552220413,3,1038,local1_fixed_16_move_10_0_0,524288,8204,44,34,10,4,2063243,2.909961163081615,2075469,1.000432673289748,0.1964758955457732,0.1980301539446872,38694624,local1_paired_b_plan_move_20_0_0,1.0059256229149935,45,9
case_041,4,1539197,1596198,3.761411178312465,39504588,8.980757093968057,4,1038,local1_fixed_16_move_37_3_0,524288,8206,44,34,10,4,1587802,3.7813008171043996,1589452,1.0042442300868475,0.19910962571738636,0.2008135368493493,39430860,b_candidate_local1_fixed_16_split_4_2,1.001039172390512,45,9
case_041,5,1195280,1284104,4.6756002629070545,40316836,9.14484826201318,5,1038,local1_fixed_16_move_4_0_0,524288,8204,44,35,9,4,1258387,4.771153071352454,1260109,1.0190420035092203,0.23249787757032728,0.2305213567993401,40469412,local1_b_candidate_local1_fixed_16_split_4_1_split_7_1,1.0013684184595042,45,8
case_042,2,849248,861574,1.957742457409346,4522120,2.8929209481599556,2,1184,local1_fixed_4_move_44_0_0,524288,32848,72,55,17,5,858685,1.964329177754357,859773,1.0020947389601673,0.5312431186085026,0.5312431186085026,4522120,local1_b_candidate_local2_fixed_4_split_1133_1_split_142_1,1.0012670536925647,73,19
case_042,3,573264,604000,2.792615894039735,9667436,5.046706438439424,3,1184,local1_fixed_4_move_142_1_0,524288,32832,72,53,19,6,596979,2.825459522026738,597230,1.011335666326206,0.46227548381761274,0.45925541022288285,9669484,b_candidate_local1_fixed_4_merge_190_289,1.000420450300597,73,18
case_042,4,438976,448283,3.7626677790592105,2903344,2.2153150905580827,4,2367,local1_fixed_2_move_382_2_0,424960,32778,72,43,29,5,446723,3.775807379517061,448283,1.0,0.44226638410172336,0.4478029898771076,2932016,local1_b_candidate_local1_fixed_2_move_382_1_0_move_578_2_0,1.0034920968922576,73,26
case_042,5,362820,383193,4.401802746918655,11488576,5.809020144296858,5,2367,local1_fixed_2_move_480_3_0,524288,32778,72,43,29,5,378663,4.454462147080649,381473,1.0045088381091192,0.2500481539034204,0.2510696201858225,11482432,local1_b_candidate_fixed_2_move_725_4_0,1.0074208465046757,73,29
case_043,2,353689,482993,1.4030348265916897,4019720,3.80878918778413,2,2328,fixed_4,296960,57374,44,28,16,10,482811,1.4035637133371028,482811,1.0003769590999376,0.20701622194535158,0.20701622194535158,4019720,b_candidate_local1_fixed_4_merge_270_271,1.0,45,15
case_043,3,268518,419993,1.6134935582259704,5721394,4.997838059927805,3,2328,fixed_4,206848,57366,44,30,14,4,418276,1.6201168606374738,418536,1.0034811820249632,0.30398826409541585,0.30398826409541585,5721394,local1_b_candidate_local1_fixed_4_split_266_1_split_45_1,1.000621599135499,45,12
case_043,4,268677,386997,1.751062669736458,6082948,5.250474802287995,4,2328,fixed_4,155648,57350,44,30,14,14,386348,1.7540041620507936,386348,1.0016798326896994,0.31999538772158864,0.31999538772158864,6082948,b_candidate_local1_fixed_4_split_266_1,1.0,45,12
case_043,5,269040,381093,1.7781906253854045,6540190,5.569973768833125,5,2328,fixed_4,198656,57350,44,33,11,11,377790,1.7937372614415417,378012,1.008150534903654,0.3664761731457332,0.3664761731457332,6540190,local1_b_candidate_local1_fixed_4_split_266_1_split_45_2,1.0005876280473278,45,9
case_044,2,95186,82205,1.878316404111672,0,1.0,1,22,adaptive_reuse_63,266368,0,72,52,20,0,80883,1.9090167278661772,82205,1.0,0.0,0.08736008736008737,111872,local1_b_candidate_local1_adaptive_reuse_63_split_10_1_move_13_1_0,1.0163445965159552,73,18
case_044,3,98442,80927,1.907978795704771,0,1.0,1,32,local1_adaptive_reuse_42_merge_17_18,266496,0,72,60,12,0,80842,1.9099849088345167,80927,1.0,0.0,0.004731394775751602,37376,local1_paired_b_plan_move_9_1_0,1.0010514336607208,73,9
case_044,4,98259,76983,2.0057285374693112,54784,1.0561624512023096,2,46,local1_adaptive_critical_31_move_16_1_0,192768,0,72,60,12,0,76644,2.0145999686863942,76857,1.0016394082516882,0.03691006375957195,0.056343318621466805,83456,local1_b_candidate_local1_adaptive_critical_31_move_16_2_0_move_17_1_0,1.0027790825113512,73,10
case_044,5,99825,75601,2.042393619132022,26624,1.0272939015188793,2,56,local1_adaptive_critical_25_move_42_1_0,192768,0,72,60,12,0,75001,2.0587325502326634,75601,1.0,0.0,0.0,26624,local1_b_candidate_local1_adaptive_critical_25_move_42_2_0_split_42_2,1.0079998933347556,73,9
case_045,2,63059,63059,1.99200748505368,0,1.0,2,413,fixed_4,0,32768,72,60,12,0,63059,1.99200748505368,63059,1.0,0.0,0.0,0,b_candidate_local1_fixed_4_merge_0_1,1.0,73,11
case_045,3,42601,44660,2.8126735333631885,0,1.0,3,207,fixed_8,0,45056,72,60,12,0,44660,2.8126735333631885,44660,1.0,0.0,0.0,0,b_candidate_local1_fixed_8_merge_0_1,1.0,73,11
case_045,4,31878,37053,3.390116859633498,0,1.0,4,207,fixed_8,0,45056,72,60,12,0,37053,3.390116859633498,37053,1.0,0.0,0.0,0,b_candidate_local1_fixed_8_merge_0_1,1.0,73,10
case_045,5,26164,34994,3.589586786306224,0,1.0,5,413,fixed_4,0,32768,72,60,12,0,34994,3.589586786306224,34994,1.0,0.0,0.0,0,b_candidate_local1_fixed_4_merge_0_1,1.0,73,10
case_046,2,158876,150352,1.8387184739810578,3553184,4.347411895933194,2,63,local1_a_selected_split_0_1,524288,0,72,53,19,5,124548,2.2196663133892156,128678,1.1684359408756742,0.7441333446289393,0.7598907150118603,3553184,local1_paired_b_plan_merge_1_31,1.0331599062208947,73,17
case_046,3,142176,132915,2.0799383064364445,4050240,4.8156823731572755,3,992,local1_fixed_1_move_4_1_0,524288,0,72,48,24,0,109653,2.5211804510592506,111381,1.1933363859186037,0.5095272329352785,0.5409870453476399,4062816,local1_b_candidate_local1_fixed_1_move_4_2_0_move_124_0_0,1.015758802768734,73,21
case_046,4,124612,106184,2.6035466736984856,4579360,5.314159959000332,4,125,local1_a_selected_move_42_0_0,524288,0,72,60,12,0,86016,3.2139950706845237,94895,1.1189630644396438,0.6055934625757821,0.5134194486771021,4564640,a_selected,1.1032249813988095,73,12
case_046,5,124612,106184,2.6035466736984856,4579360,5.314159959000332,4,125,local1_a_selected_move_42_0_0,524288,0,72,60,12,0,79427,3.4806174222871316,94895,1.1189630644396438,0.6055934625757821,0.5998476665281817,4567712,local1_b_candidate_local1_a_selected_move_54_4_0_merge_124_31,1.194744860060181,73,12
case_047,2,321420,215262,1.5167934888647323,869574,2.8743161860749833,2,3428,fixed_4,14976,11782,44,28,16,14,215054,1.518260529913417,215054,1.000967198936081,0.15658694636960627,0.15658694636960627,869574,b_candidate_local1_fixed_4_split_1003_1,1.0,45,15
case_047,3,321420,209325,1.5598136868505912,1429452,4.081100654823232,3,3428,fixed_4,13440,11046,44,28,16,12,209124,1.5613129052619499,209124,1.0009611522350377,0.2964390316773626,0.2964390316773626,1429452,b_candidate_local1_fixed_4_split_1003_1,1.0,45,14
case_047,4,321420,206889,1.5781796035555298,1755986,4.7849257019196365,4,3428,fixed_4,13376,10022,44,30,14,14,206687,1.579721995094031,206687,1.0009773231988466,0.36695562814824784,0.36695562814824784,1755986,b_candidate_local1_fixed_4_split_1003_1,1.0,45,12
case_047,5,321420,205158,1.5914953353025474,2009624,5.331627660354096,5,3428,fixed_4,12416,8262,44,30,14,14,204571,1.5960620029231904,204571,1.0028694194191747,0.41006694727654,0.41006694727654,2009624,b_candidate_local1_fixed_4_split_1003_1,1.0,45,12
case_048,2,218441,150276,1.4787457744416939,892262,3.151117432917862,2,1728,fixed_1,13952,10822,72,40,32,16,150024,1.4812296699194796,150024,1.001679731243001,0.15854833368455912,0.15854833368455912,892262,b_candidate_local1_fixed_1_merge_1129_1130,1.0,73,32
case_048,3,191366,135690,1.637703589063306,1118538,3.6966368523831337,3,1728,fixed_1,10368,10310,72,38,34,16,135690,1.637703589063306,135690,1.0,0.17032613195541177,0.17032613195541177,1118538,b_candidate_local1_fixed_1_merge_1129_1130,1.0,73,32
case_048,4,172737,120337,1.846647332075754,1192206,3.8742399768557583,4,1728,local1_fixed_1_swap_0_5,12288,10308,72,43,29,17,120273,1.8476299751398901,120273,1.0005321227540678,0.17761855971355545,0.17761855971355545,1192206,local1_paired_b_plan_merge_1129_1130,1.0,73,29
case_048,5,174566,100325,2.2150012459506603,1064404,3.566127437980665,5,1727,local1_a_selected_swap_0_7,10304,10308,72,42,30,16,100312,2.2152883005024324,100312,1.000129595661536,0.17228034069646417,0.17228034069646417,1064404,a_selected,1.0,73,31
case_049,2,160206,137913,1.4231870817109338,628798,5.122184345089813,2,537,local1_fixed_8_merge_501_502,24576,27780,72,50,22,13,137886,1.423465761571153,137904,1.0000652627915072,0.038791274798482794,0.038791274798482794,628798,local1_paired_b_plan_swap_0_1,1.000130542622166,73,22
case_049,3,160206,121826,1.6111174954443221,1755192,12.506437655696866,3,1076,local1_fixed_4_swap_0_0,19488,20550,72,49,23,15,121755,1.6120569997125376,121828,0.9999835834126801,0.08749973812167533,0.0885053508883865,1755192,local1_b_candidate_local1_fixed_4_swap_0_5_swap_0_8,1.0005995646996018,73,20
case_049,4,160224,113164,1.7344385140150578,1975850,13.95299593549233,4,1075,local1_fixed_4_merge_996_1003,19968,24704,72,52,20,15,112850,1.7392645104120514,112965,1.0017616075775684,0.1373485247061056,0.1373485247061056,1975850,local1_paired_b_plan_split_996_2,1.0010190518387239,73,18
case_049,5,160242,107178,1.8313086640915113,2092300,14.71640225514619,5,1075,local1_fixed_4_merge_994_1003,15392,24704,72,53,19,13,106724,1.8390989842959409,106840,1.0031636091351555,0.17714402518294428,0.17714402518294428,2092300,local1_paired_b_plan_split_994_2,1.0010869157827669,73,17
case_050,2,108121,98961,1.5126160810824467,552730,2.730656029257051,2,569,local1_fixed_8_merge_546_547,19968,73752,72,47,25,7,98100,1.5258919469928645,98961,1.0,0.17586190000796212,0.17586190000796212,552730,local1_paired_b_plan_merge_554_555,1.008776758409786,73,23
case_050,3,108134,85281,1.7552561531876971,719356,3.252379640298582,3,569,local1_fixed_8_merge_546_547,17440,57348,72,48,24,11,83434,1.7941127118440923,85235,1.0005396844019476,0.2060445181507845,0.2060445181507845,719356,local1_paired_b_plan_merge_546_548,1.021585924203562,73,22
case_050,4,108147,81132,1.845017995365577,840606,3.63202620109213,4,569,local1_fixed_8_merge_554_555,17440,57350,72,49,23,6,80290,1.8643666708182838,81019,1.0013947345684346,0.22999796189235808,0.22999796189235808,840606,local1_paired_b_plan_merge_546_547,1.0090795864989413,73,21
case_050,5,108160,80165,1.8672737478949666,1570256,5.916637443013877,5,1139,fixed_4,12544,57350,72,50,22,12,79346,1.8865475260252564,79355,1.0102072963266335,0.29288522452635113,0.29233079840411197,1574864,local1_b_candidate_local1_fixed_4_merge_1090_1092_move_1006_1_0,1.0001134272679153,73,20
case_051,2,357955,319230,1.903417598596623,394084,2.002202340686337,2,1416,fixed_1,393216,65546,72,42,30,10,318398,1.9083913843679923,318398,1.0026130817404633,0.49972422242160675,0.49972422242160675,394084,b_candidate_local1_fixed_1_merge_0_1,1.0,73,28
case_051,3,291222,239805,2.5338420800233523,591348,2.5038680833532543,3,1416,local1_fixed_1_swap_0_15,262144,65542,72,43,29,12,239479,2.5372913700157427,239488,1.0013236571352218,0.5995820297173619,0.5995820297173619,591348,local1_b_candidate_fixed_1_swap_0_17,1.0000375815833538,73,30
case_051,4,254308,194257,3.1279593528161147,722708,2.8379321394239327,4,1416,local1_fixed_1_swap_0_3,196608,65540,72,42,30,13,191063,3.180249446517641,191063,1.0167169991050073,0.6466155703316,0.6466155703316,722708,local1_paired_b_plan_merge_0_1,1.0,73,28
case_051,5,253856,171113,3.5510335275519687,526008,2.337700715633567,5,1416,fixed_1,196608,65538,72,40,32,13,167939,3.6181470653034733,167939,1.0188997195410239,0.5710437255815777,0.5710437255815777,526008,b_candidate_local1_fixed_1_merge_0_1,1.0,73,31
case_052,2,90903,96382,1.8706916229171422,1078496,2.331141292810206,2,13,local1_adaptive_reuse_72_merge_6_7,260608,130128,72,53,19,1,94054,1.9169944925255704,96382,1.0,0.08571420464379857,0.08219170228440875,1055968,local1_b_candidate_local2_adaptive_reuse_72_split_4_1_merge_6_8,1.024751738363068,73,18
case_052,3,61071,78412,2.2994057032086928,1295496,2.5989750729445915,3,504,local1_fixed_2_move_412_1_105,92160,28682,72,47,25,5,75831,2.377668763434479,76784,1.0212023338195457,0.1747533572795094,0.16160968455803434,1265544,local1_paired_b_plan_move_412_2_0,1.0125674196568686,73,23
case_052,4,45610,60035,3.003264762222037,2042632,3.521132949232539,4,41,local1_adaptive_reuse_24_move_1_0_0,147968,119808,72,60,12,5,59258,3.0426440311856626,59641,1.0066061937257926,0.08023567574724438,0.08023567574724438,2042632,local1_paired_b_plan_swap_0_2,1.0064632623443248,73,12
case_052,5,37387,54289,3.321133194569802,1358194,2.6763605215476596,5,504,local1_fixed_2_move_391_4_64,73728,32776,72,57,15,3,51546,3.4978659837814767,52011,1.0437984272557728,0.27309011530074545,0.256104774650911,1388146,local1_paired_b_plan_move_405_0_72,1.009021068560121,73,18
case_053,2,731495,752819,1.9562285223938292,6103358,3.03765314053273,2,61,local1_a_selected_move_9_0_0,521056,63604,44,41,3,2,726965,2.025800416801359,740370,1.016814565690128,0.4635877756020376,0.4432488661921393,5499288,local1_b_candidate_local1_a_selected_move_1_0_0_split_0_2,1.0184396772884527,45,5
case_053,3,542159,531222,2.772260937988261,6268248,3.0927029387491287,3,61,local1_a_selected_move_3_0_0,524000,63612,44,42,2,0,513410,2.868440427728326,514793,1.0319137983616715,0.39324125405032034,0.3568058417894948,6476794,local1_paired_b_plan_move_39_0_2,1.0026937535303169,45,0
case_053,4,492232,499360,2.949146908042294,6087544,3.032373514667037,4,61,local1_a_selected_move_1_3_0,524000,63612,44,42,2,0,466231,3.1587045906428357,499360,1.0,0.38600586975248624,0.49208967244636354,6689374,local1_b_candidate_local1_a_selected_move_1_3_1_move_9_2_0,1.071057051118437,45,0
case_053,5,492232,510618,2.884124727291243,7257418,3.4229449722363925,5,244,local1_a_selected_move_240_0_9,519008,58262,44,39,5,5,488581,3.0142105403198243,499971,1.021295235123637,0.641654124358648,0.640726686054812,7406892,local1_b_candidate_local1_a_selected_move_240_4_9_move_199_0_9,1.0233124087919916,45,6
case_054,2,517960,733161,1.111694430009234,840102,1.523012234510134,2,985,local1_fixed_16_move_966_0_586,278528,35382,44,33,11,11,733057,1.1118521479230128,733057,1.0001418716416322,0.049804332217523284,0.049804332217523284,840102,local1_paired_b_plan_split_962_1,1.0,45,13
case_054,3,517960,702326,1.1605023877800338,4624260,3.8788701319075924,3,3939,local1_fixed_4_split_3842_2,294912,29494,44,28,16,16,702081,1.1609073596921153,702081,1.0003489625840893,0.1047991702575667,0.1047991702575667,4624260,local1_paired_b_plan_split_3843_1,1.0,45,15
case_054,4,517986,629719,1.2943090489567568,10510422,7.543347469550687,4,15751,local1_fixed_1_move_15373_3_1705,90112,19430,44,39,5,3,624299,1.305545900281756,625534,1.0066902838215028,0.15349824285440136,0.15128651325350004,10494038,local1_b_candidate_local1_fixed_1_move_15369_3_1705_swap_0_1,1.0019782187701727,45,5
case_054,5,518015,577017,1.4125251075791527,11141064,7.935958701991439,5,15751,local1_fixed_1_swap_0_1,114688,13238,44,39,5,5,570293,1.4291793867362916,570293,1.011790430533077,0.17604971669072145,0.17604971669072145,11141064,local1_paired_b_plan_merge_15371_15381,1.0,45,5
case_055,2,64461,76616,1.551046778740733,49240,1.0786820280915932,2,76,local1_a_selected_merge_0_2,52224,110596,72,51,21,8,72160,1.6468264966740576,76616,1.0,0.0,0.024350514238154687,77912,local1_paired_b_plan_move_3_1_0,1.0617516629711752,73,19
case_055,3,45305,66631,1.783479161351323,786250,2.2563717422220804,3,618,fixed_2,57344,53250,72,47,25,11,65906,1.803098352198586,65906,1.0110005158862623,0.261826159291458,0.261826159291458,786250,b_candidate_local1_fixed_2_merge_0_1,1.0,73,21
case_055,4,38408,64285,1.8485649840553784,1561558,3.495258944408047,4,1236,fixed_1,49152,28678,72,44,28,8,61652,1.927512489456952,61776,1.0406144781144782,0.3951603231233614,0.39237065504897695,1545174,local1_b_candidate_local1_fixed_1_merge_13_20_move_13_2_0,1.0020112891714785,73,26
case_055,5,30298,62151,1.9120368135669579,553236,1.8840318946645147,5,154,local1_a_selected_move_6_1_0,57344,57352,72,50,22,9,59323,2.003185948114559,61615,1.0086991803943846,0.14208873480564901,0.3827937990639484,1652230,local1_fixed_1_swap_0_2,1.0386359422146554,73,22
case_056,2,265710,243718,1.137728850556791,207102,1.9345758122743681,2,480,local1_fixed_16_move_468_1_218,40032,61476,44,34,10,10,243717,1.1377335187943394,243718,1.0,0.09892044258345224,0.09892044258345224,207102,local1_paired_b_plan_split_469_2,1.0000041031196019,45,12
case_056,3,265710,245013,1.1317154599960002,282300,2.273916967509025,3,480,fixed_16,40032,61476,44,30,14,14,245013,1.1317154599960002,245013,1.0,0.08268621682020612,0.08268621682020612,282300,b_candidate_local1_fixed_16_split_106_1,1.0,45,12
case_056,4,265728,244131,1.1358041379423343,384936,2.737075812274368,4,480,local1_fixed_16_move_468_0_150,35936,61476,44,36,8,8,244130,1.135808790398558,244131,1.0,0.1494480585715257,0.1494480585715257,384936,local1_b_candidate_local1_fixed_16_move_468_2_12_split_469_2,1.0000040961782657,45,8
case_056,5,265746,245173,1.1309769020242848,311334,2.404936823104693,5,480,fixed_16,37984,61476,44,34,10,10,245173,1.1309769020242848,245173,1.0,0.1104466236471724,0.1104466236471724,311334,b_candidate_local1_fixed_16_split_106_1,1.0,45,8
case_057,2,30183,42570,1.403006812309138,590690,2.72484377737546,2,865,fixed_1,17280,81924,72,36,36,14,42570,1.403006812309138,42570,1.0,0.2175153781011483,0.2175153781011483,590690,b_candidate_local1_fixed_1_merge_103_104,1.0,73,34
case_057,3,20705,35627,1.6764251831476127,888864,3.5955264848449455,3,865,local1_fixed_1_swap_0_17,17280,40964,72,40,32,14,34459,1.7332482080153226,34459,1.0338953538988362,0.41647093747430114,0.41647093747430114,888864,b_candidate_fixed_1,1.0,73,33
case_057,4,16485,42977,1.3897200828350047,1168840,4.413070139578345,4,865,fixed_1,17280,40962,72,40,32,14,39699,1.504471145368901,39699,1.082571349404267,0.43249179967772444,0.43249179967772444,1168840,b_candidate_local1_fixed_1_merge_107_108,1.0,73,31
case_057,5,14028,43503,1.3729168103349194,1356520,4.961104946563102,5,865,local1_fixed_1_swap_0_17,12672,32772,72,42,30,17,37958,1.5734759470994257,37984,1.1452980202190397,0.4502873999131867,0.4502873999131867,1356520,local1_paired_b_plan_swap_0_8,1.0006849675957636,73,27
case_058,2,2233461,2273222,1.9970407641664563,60686336,8.914529914529915,2,1036,local1_fixed_16_move_9_0_0,524288,0,44,34,10,0,2264639,2.0046095647032485,2272776,1.0001962357927046,0.043894466495447114,0.0410958904109589,60616704,local1_paired_b_plan_move_17_0_0,1.0035930671511,45,10
case_058,3,1499428,1598885,2.8393017634163806,66191360,9.632478632478632,3,1036,local1_fixed_16_move_13_2_0,524288,0,44,34,10,4,1580392,2.8725259302755264,1588702,1.0064096350353937,0.08159322285799213,0.07503896682253396,66322432,local1_b_candidate_local1_fixed_16_split_9_1_split_17_2,1.0052581891075125,45,10
case_058,4,1172561,1370747,3.311856236052313,67870720,9.851495726495726,4,1036,local1_fixed_16_move_17_2_0,524288,0,44,34,10,4,1312068,3.459970824682867,1325612,1.03404842442585,0.09313406974225688,0.10369246332827517,67756032,local1_b_candidate_local1_fixed_16_move_5_2_0_move_41_2_0,1.0103226357170512,45,10
case_058,5,1130935,1089907,4.165233363947566,31735808,5.138888888888889,5,345,local1_a_selected_move_4_1_0,524288,0,44,44,0,0,1069328,4.24539243337872,1089373,1.0004901902286911,0.07526766595289079,0.4192900908514684,32378880,local1_b_candidate_local1_a_selected_move_4_2_0_move_8_3_0,1.0187454176828812,45,0
case_059,2,369318,369318,2.2459587672412393,360448,1.2682926829268293,2,1376,fixed_2,421888,0,72,48,24,0,369318,2.2459587672412393,369318,1.0,0.0,0.0,360448,b_candidate_fixed_4,1.0,73,12
case_059,3,266217,264654,3.1341789657439523,3080192,3.292682926829268,3,1376,local1_fixed_2_move_129_2_0,524288,0,72,48,24,0,261917,3.1669307452360864,261917,1.0104498753421887,0.7169625246548323,0.7169625246548323,3080192,local1_paired_b_plan_merge_0_1,1.0,73,24
case_059,4,185216,185216,4.478408992743607,1081344,1.8048780487804879,4,1376,fixed_2,241664,0,72,48,24,0,185216,4.478408992743607,185216,1.0,0.0,0.0,1081344,b_candidate_fixed_4,1.0,73,12
case_059,5,150782,164161,5.052801822600983,4124672,4.070121951219512,5,1376,local1_fixed_2_move_215_3_0,524288,0,72,48,24,0,161947,5.121879380291083,162776,1.0085086253501745,0.7033096926713948,0.7257683215130024,4132864,local1_paired_b_plan_move_473_4_0,1.0051189586716642,73,24
case_060,2,463887,481316,1.8465810403144711,6568276,4.129231645836172,2,331,local1_fixed_16_move_171_1_0,524288,131072,44,35,9,4,481309,1.8466078963825734,481309,1.000014543671529,0.1583155224168753,0.1583155224168753,6568276,local1_paired_b_plan_split_104_1,1.0,45,7
case_060,3,310745,354366,2.508110258884882,8084852,4.8517526867479175,3,332,local1_fixed_16_split_93_1,519168,131072,44,36,8,4,354205,2.5092502929094733,354277,1.000251215856519,0.2112166847554074,0.20251374880642545,7984500,local1_paired_b_plan_move_112_2_0,1.0002032721164298,45,6
case_060,4,241329,310016,2.8669133206028077,8444360,5.0230280427974,4,331,local1_fixed_16_move_123_3_0,468992,131072,44,40,4,2,301420,2.948672948045916,308058,1.0063559459582287,0.2094823736677309,0.19988549913059223,8421832,local1_b_candidate_local1_fixed_16_move_123_3_43_move_112_1_0,1.022022427178024,45,3
case_060,5,196099,269460,3.2984079269650413,9330132,5.445023978016261,5,331,local1_fixed_16_move_93_2_19,478208,131072,44,40,4,4,258665,3.4360620880289177,261817,1.0291921456589908,0.21944459047832704,0.20737485868117964,9316820,local1_b_candidate_local1_fixed_16_move_97_2_0_move_126_2_0,1.0121856455260665,45,3
case_061,2,42478,55761,1.3843187891178421,501564,1.9216741273236455,2,558,local1_fixed_2_move_8_1_0,48000,16400,72,51,21,6,55487,1.3911546848811434,55731,1.000538300048447,0.07083477952723416,0.06356148835252359,488764,local1_paired_b_plan_move_14_0_0,1.0043974264242075,73,21
case_061,3,30303,44275,1.7434443817052512,160904,1.2956772291928524,3,69,local1_a_selected_move_3_2_0,51200,34832,72,53,19,5,42697,1.8078787736843338,44275,1.0,0.04971352580753408,0.07240252355356566,193672,local1_paired_b_plan_move_52_2_3,1.0369581001007095,73,19
case_061,4,24024,35693,2.16263693161124,135340,1.2487008166295472,4,69,local1_a_selected_move_6_3_0,48000,34826,72,54,18,6,35693,2.16263693161124,35693,1.0,0.0,0.0,135340,local1_paired_b_plan_merge_0_1,1.0,73,15
case_061,5,22283,35523,2.1729865157785095,217596,1.3998544620609055,5,69,local1_a_selected_move_2_3_0,41600,36880,72,51,21,9,35378,2.1818927016790095,35523,1.0,0.0,0.07041902252528483,217596,local1_paired_b_plan_split_0_1,1.0040985923455255,73,13
case_062,2,1534068,1564275,1.8250045548257179,11046912,1.824297994269341,2,52,fixed_384,7680,130560,44,39,5,0,1564275,1.8250045548257179,1564275,1.0,0.0,0.0,11046912,b_candidate_local1_fixed_384_merge_0_2,1.0,45,5
case_062,3,1050069,1071447,2.664442571587769,10063872,1.750945558739255,3,25,a_selected,7680,130560,44,41,3,0,1071447,2.664442571587769,1071447,1.0,0.0,0.0,10063872,b_candidate_fixed_768,1.0,45,3
case_062,4,838845,818747,3.4868023943904527,10423296,1.7777650429799428,4,103,local1_fixed_192_move_11_1_0,12288,130560,44,42,2,2,818747,3.4868023943904527,818747,1.0,0.0,0.0,10423296,b_candidate_local1_fixed_192_move_3_1_0,1.0,45,4
case_062,5,697924,697244,4.094418883489855,10297344,1.7683667621776504,5,410,local1_fixed_48_move_1_3_0,12288,130560,44,39,5,3,697244,4.094418883489855,697244,1.0,0.0,0.0,10297344,b_candidate_local1_fixed_48_move_1_3_40,1.0,45,5
case_063,2,583430,571813,1.8719354054559796,3308544,1.6589171000305905,2,460,local1_fixed_16_move_11_0_0,7680,130560,44,39,5,5,571813,1.8719354054559796,571813,1.0,0.0,0.0,3308544,b_candidate_local1_fixed_16_move_1_0_0,1.0,45,5
case_063,3,397832,395565,2.7059952220241934,3271680,1.6515754053227287,3,154,local1_fixed_48_move_0_1_0,7680,130560,44,39,5,2,395309,2.7077476100974174,395565,1.0,0.0,0.0,3271680,local1_b_candidate_local1_fixed_48_move_0_1_25_move_4_0_0,1.0006475946664508,45,5
case_063,4,306287,303504,3.5267970109125417,3213312,1.6399510553686143,4,38,a_selected,7680,130560,44,42,2,0,303504,3.5267970109125417,303504,1.0,0.0,0.0,3213312,b_candidate_fixed_192,1.0,45,2
case_063,5,253604,254085,4.212751638231301,3502080,1.6974609972468644,5,154,fixed_48,7680,105984,44,41,3,2,254085,4.212751638231301,254085,1.0,0.0,0.0,3502080,b_candidate_local1_fixed_48_merge_0_5,1.0,45,4
case_064,2,18871,13595,1.4061051857300477,74726,2.997273747794943,2,453,local1_fixed_2_swap_0_12,6176,3618,72,47,25,12,13543,1.4115040980580373,13591,1.000294312412626,0.15830768454513347,0.15830768454513347,74726,local1_paired_b_plan_swap_0_13,1.003544266410692,73,24
case_064,3,18926,12055,1.5857320613853172,102796,3.7475276634414927,3,453,local1_fixed_2_swap_0_0,5664,3618,72,48,24,14,12038,1.5879714238245555,12050,1.000414937759336,0.26127138224134644,0.26669775526209805,102796,local1_paired_b_plan_swap_0_12,1.0009968433294567,73,22
case_064,4,18926,10325,1.8514285714285714,128050,4.422515635858235,4,453,local1_fixed_2_swap_0_0,4160,2850,72,39,33,14,10319,1.8525050877022968,10319,1.0005814516910554,0.3377811595278747,0.3377811595278747,128050,local1_paired_b_plan_merge_122_123,1.0,73,31
case_064,5,18926,10905,1.7529573590096286,141048,4.769925696263431,5,453,fixed_2,3616,2598,72,42,30,14,10879,1.757146796580568,10880,1.002297794117647,0.3473287087744919,0.3495540603974339,141048,local1_b_candidate_local1_fixed_2_merge_122_123_swap_0_11,1.000091920213255,73,27
case_065,2,26610,26789,1.9809623352868715,63160,1.199745732158557,2,30,local1_fixed_24_move_2_1_4,50688,49160,72,51,21,7,26399,2.0102276601386415,26789,1.0,0.00042567783282685556,0.00042567783282685556,63160,local1_paired_b_plan_merge_0_8,1.0147732868669268,73,15
case_065,3,18032,20106,2.6394111210583904,63172,1.1997836825826529,3,29,local1_a_selected_merge_0_3,50688,49156,72,55,17,4,20106,2.6394111210583904,20106,1.0,0.041290017440657426,0.041290017440657426,63172,b_candidate_local1_a_selected_swap_0_0,1.0,73,15
case_065,4,13541,15989,3.3190318343861405,63180,1.1998089828653835,4,30,a_selected,50688,49156,72,58,14,1,15989,3.3190318343861405,15989,1.0,0.00042566524975317326,0.00042566524975317326,63180,b_candidate_local1_a_selected_merge_0_2,1.0,73,12
case_065,5,11396,14900,3.5616107382550335,150736,1.4767079272110866,5,29,local1_a_selected_move_14_2_0,36864,49156,72,59,13,2,14879,3.5666375428456214,14900,1.0,0.05637529256131067,0.05057230793989258,159952,local1_b_candidate_local1_a_selected_move_14_3_2_move_9_2_0,1.0014113851737347,73,11
case_066,2,248092,256499,1.3998884985906377,1416426,2.279478317739112,2,1491,local1_fixed_4_move_1190_1_212,110784,46148,44,34,10,9,255870,1.403329815922148,256270,1.0008935887930699,0.2346011977947884,0.23240034696091855,1453674,local1_paired_b_plan_move_1185_1_212,1.0015632938601633,45,10
case_066,3,235631,244504,1.4685649314530642,1862908,2.6827920371009384,3,1491,fixed_4,110784,44228,44,33,11,9,244058,1.4712486376189267,244058,1.0018274344623,0.2742059705746015,0.2742059705746015,1862908,b_candidate_local1_fixed_4_split_1184_1,1.0,45,9
case_066,4,248396,236499,1.5182728045361713,2036246,2.8393707871664287,4,1491,fixed_4,110784,43202,44,33,11,11,236043,1.521205881979131,236043,1.0019318513999569,0.2926359586109064,0.2926359586109064,2036246,b_candidate_local1_fixed_4_split_1184_1,1.0,45,9
case_066,5,248521,234918,1.5284907925318623,2174164,2.963954133296719,5,1491,fixed_4,110784,43202,44,33,11,11,233878,1.535287628592685,233878,1.0044467628421656,0.3140649367754427,0.3140649367754427,2174164,b_candidate_local1_fixed_4_split_1184_1,1.0,45,9
case_067,2,32475019,32277590,1.977682782388648,267734912,45.26740174811115,2,183,local1_a_selected_move_0_1_0,517120,0,44,44,0,0,32284895,1.97723529842671,32589661,0.9904242330105858,0.19838653950824717,3.033580791366429e-05,267350400,local1_paired_b_plan_move_31_0_0,1.0094398944150198,45,2
case_067,3,21931301,21617310,2.952949927627443,266690176,45.09466466318173,3,185,local1_a_selected_split_0_1,513024,0,44,44,0,0,21982261,2.903924851042393,22103873,0.9779874323382152,0.3052967196667984,0.0009591177244203961,269780608,local1_a_selected_move_31_2_0,1.0055322789589296,45,0
case_067,4,17526997,17181697,3.7152810924322552,267706880,45.26276692556771,4,2201,local1_a_selected_move_31_0_0,513024,0,44,42,2,0,16268176,3.9239084947199983,17395392,0.9877154248665394,0.20269155303935793,0.6457079398650993,267704576,local1_b_candidate_local1_a_selected_move_31_3_0_split_1_1,1.0692896364042288,45,3
case_067,5,14401158,15905614,4.013352392432005,262815616,44.45404330067088,5,8804,local1_fixed_1_move_4_1_0,513024,0,44,44,0,0,14494308,4.4041311941211685,15912925,0.9995405621530925,0.007758044978447466,0.30790884783079997,262881152,local1_b_candidate_local1_fixed_1_move_4_2_0_move_7_1_0,1.0978740758096213,45,0
case_068,2,301006,233160,1.5529893635271916,1586610,1.5725250338294994,2,1338,fixed_4,101568,98306,44,30,14,11,233159,1.552996024172346,233159,1.0000042889187206,0.1626625971573788,0.1626625971573788,1586610,b_candidate_local1_fixed_4_split_1040_1,1.0,45,12
case_068,3,302545,217573,1.6642460231738314,2124670,1.766682904826342,3,1338,fixed_4,101568,98304,44,33,11,11,217288,1.6664288870071058,217288,1.0013116232833843,0.20127561590305204,0.20127561590305204,2124670,b_candidate_local1_fixed_4_split_1040_1,1.0,45,9
case_068,4,303225,209137,1.731377039930763,2381762,1.8594540369869192,4,1338,fixed_4,101568,106496,44,33,11,11,207994,1.740891564179736,207994,1.0054953508274278,0.2235078936704534,0.2235078936704534,2381762,b_candidate_local1_fixed_4_split_1040_1,1.0,45,10
case_068,5,303362,206539,1.753155578365345,2424874,1.8750109156517818,5,1338,fixed_4,101568,98304,44,33,11,11,205557,1.7615308649182466,205557,1.004777263727336,0.23057558676744108,0.23057558676744108,2424874,b_candidate_local1_fixed_4_split_1040_1,1.0,45,9
case_069,2,24376,15648,1.6068507157464214,203110,2.6112935725958715,2,259,local1_fixed_4_split_18_1,31584,15412,72,52,20,5,15623,1.60942200601677,15637,1.0007034597429174,0.21668516340627123,0.21668516340627123,203110,local1_b_candidate_local1_fixed_4_split_18_2_merge_17_19,1.000896114702682,73,18
case_069,3,24376,15264,1.6472746331236898,297868,3.3630190235930635,3,259,local1_fixed_4_split_17_1,31680,12770,72,57,15,3,14934,1.683674835944824,15179,1.0055998418868173,0.2893838289899737,0.2972039127571905,297868,local1_b_candidate_local1_fixed_4_merge_243_244_merge_243_245,1.0164055176108209,73,15
case_069,4,24376,14938,1.6832239925023431,340594,3.7019689974138066,4,258,local1_fixed_4_move_125_3_19,29280,12770,72,57,15,4,14439,1.7413948334372187,14472,1.0322001105583196,0.3113934036212466,0.31499962435200723,340594,local1_paired_b_plan_swap_0_6,1.0022854768335758,73,15
case_069,5,24376,15165,1.6580283547642598,388980,4.085820362701699,5,257,local1_fixed_4_merge_243_244,27744,13922,72,58,14,8,14367,1.750121806918633,14478,1.0474513054289267,0.3195542248445822,0.3173042556058804,388980,local1_paired_b_plan_split_17_2,1.0077260388390061,73,14
case_070,2,60121,67230,1.7447568049977689,240532,1.572744330466421,2,148,local1_a_selected_move_0_1_0,100352,19472,72,53,19,0,62604,1.873682192831129,67230,1.0,0.07556483513551374,0.07556483513551374,240532,local1_paired_b_plan_merge_2_3,1.0738930419781483,73,18
case_070,3,39333,44631,2.628218054715332,369412,1.879627777619034,3,297,local1_fixed_4_merge_14_15,96256,18432,72,53,19,10,44527,2.634356682462326,44527,1.0023356615087475,0.05787501483612441,0.05787501483612441,369412,b_candidate_fixed_4,1.0,73,19
case_070,4,31225,40898,2.868110910068952,445214,2.060124201122001,4,299,local1_fixed_4_split_10_1,92160,14336,72,53,19,4,40253,2.914068516632301,40490,1.0100765621141023,0.1087043701395205,0.11474335619795503,445214,local1_b_candidate_local1_fixed_4_split_10_2_split_17_1,1.0058877599185154,73,16
case_070,5,26275,38575,3.0408295528191833,455436,2.084464382661371,5,299,local1_fixed_4_split_10_1,92160,14336,72,54,18,5,37809,3.1024359279536617,38549,1.0006744662637164,0.12680103316286837,0.12680103316286837,455436,local1_b_candidate_local1_fixed_4_split_10_2_merge_17_18,1.019572059562538,73,15
case_071,2,18765,13113,1.4427667200488066,133990,2.1032887044447737,2,187,local1_fixed_4_split_15_2,30048,13922,72,52,20,10,13042,1.4506210703879774,13042,1.005443950314369,0.2081769087149425,0.2081769087149425,133990,local1_paired_b_plan_merge_164_165,1.0,73,17
case_071,3,18765,13251,1.4277413025432042,196684,2.6195181397493537,3,187,local1_fixed_4_split_89_1,27744,13922,72,55,17,10,13210,1.4321725965177896,13224,1.0020417422867514,0.29763807197061604,0.3072765455442977,196684,b_candidate_local1_fixed_4_merge_88_90,1.0010598031794096,73,18
case_071,4,18765,13528,1.3985068007096393,209744,2.7270556461307907,4,185,local1_fixed_4_merge_88_89,30048,13922,72,53,19,10,13134,1.440459875133242,13134,1.0299984772346582,0.30037406996341515,0.30037406996341515,209744,local1_paired_b_plan_merge_13_88,1.0,73,19
case_071,5,18765,13600,1.3911029411764706,232082,2.910989246249362,5,186,local1_fixed_4_swap_1_3,27744,13922,72,52,20,11,13302,1.42226732822132,13343,1.019261035749082,0.3339689941632439,0.3310042926407461,232082,local1_b_candidate_local1_fixed_4_merge_88_90_merge_88_134,1.0030822432716884,73,19
case_072,2,11772092,11759176,2.0322706284862138,134009838,13.069496281427021,2,1855,local1_fixed_16_move_46_0_0,524288,23474,44,34,10,0,11756299,2.032767965496624,11759176,1.0,0.027994636404582617,0.028263216159950786,134009838,local1_paired_b_plan_split_46_1,1.0002447198731506,45,9
case_072,3,7900998,7865185,3.0384317724249335,134678302,13.129700993877071,3,1855,local1_fixed_16_move_46_1_0,524288,23486,44,34,10,6,7861926,3.039691291930247,7865148,1.0000047042979991,0.05201813096377263,0.049261211113169924,134678302,local1_paired_b_plan_split_46_1,1.0004098232417857,45,9
case_072,4,5960302,6060147,3.943440315886727,144259344,13.992610407969462,4,1856,local1_fixed_16_split_46_1,524288,21450,44,34,10,8,6055847,3.946240385531537,6061316,0.9998071375919025,0.07135835646984189,0.07135835646984189,144259344,local1_b_candidate_local1_fixed_16_split_46_2_split_60_1,1.000903094150166,45,10
case_072,5,4816984,4902409,4.874711187907822,149149410,14.43303056132367,5,1856,local1_fixed_16_split_46_1,524288,23374,44,34,10,6,4895736,4.881355530608676,4898092,1.000881363600357,0.09136237096615675,0.09129920448634989,149149410,local1_paired_b_plan_split_43_1,1.0004812350992782,45,10
case_073,2,5624748,5312131,1.897849657698577,143645056,36.54613411041779,2,302,local1_a_selected_merge_11_31,523392,0,72,54,18,6,5312131,1.897849657698577,5312131,1.0,0.0006572575667212063,0.0006572575667212063,143645056,b_candidate_local2_a_selected_split_15_1,1.0,73,18
case_073,3,4056185,3955712,2.5486248746117006,143427328,36.49225555098033,3,101,local1_a_selected_move_5_2_0,524160,0,72,56,16,4,3923766,2.569374932144272,4023304,0.9831998775136057,0.10205888729361716,0.01668440643661139,143008512,local1_paired_b_plan_merge_3_31,1.0253679755622531,73,16
case_073,4,3504812,3127075,3.2239795975472285,144968704,36.87368154318837,4,606,local1_a_selected_move_54_3_0,523392,0,72,60,12,0,2812832,3.584155043742392,3035171,1.0302796778171641,0.22012274611474858,0.5842667461134661,143338112,a_selected,1.0790445358983403,73,12
case_073,5,3305399,3197931,3.1525464433097525,142290688,36.21098476449907,5,304,local1_a_selected_move_42_4_0,523392,0,72,60,12,0,2860115,3.524902320361244,2860115,1.1181127332292582,0.3179961907903452,0.3179961907903452,142290688,b_candidate_local1_a_selected_move_73_4_0,1.0,73,10
case_074,2,859741,862860,1.9496082794427834,8094048,3.14313765778208,2,1805,fixed_2,524288,49156,72,49,23,6,862355,1.9507499811562523,862355,1.00058560569603,0.12379621501843081,0.12379621501843081,8094048,b_candidate_local1_fixed_2_swap_0_13,1.0,73,21
case_074,3,578393,599695,2.805157621791077,9232816,3.4446600337646767,3,1805,local1_fixed_2_move_1_0_0,524288,49156,72,49,23,8,597826,2.813927463843995,597826,1.0031263277274658,0.25174343565404445,0.2489462901628709,9232816,local1_paired_b_plan_merge_1_0,1.0,73,22
case_074,4,438898,477149,3.525605209274252,8028492,3.1257797755093826,4,904,local1_fixed_4_split_0_1,524288,73738,72,54,18,10,475387,3.5386727024508455,475387,1.003706453899665,0.37150723079518044,0.37150723079518044,8028492,local1_paired_b_plan_merge_12_13,1.0,73,16
case_074,5,366949,394142,4.268103881342257,12681708,4.357855794751436,5,1805,local1_fixed_2_move_12_3_0,524288,49162,72,52,20,8,386605,4.351312062699654,386605,1.0194953505515967,0.3343316979657541,0.3343316979657541,12681708,local1_paired_b_plan_merge_1_8,1.0,73,19
case_075,2,1357733,959724,1.5023162909336434,5156358,3.806654728144612,2,7410,fixed_1,49408,34884,44,26,18,16,959672,1.5023976942121893,959672,1.0000541851799365,0.14210296864742655,0.14210296864742655,5156358,b_candidate_local1_fixed_1_merge_1419_1420,1.0,45,16
case_075,3,1099067,796841,1.8094061425052175,7685900,5.183508510279285,3,7410,local1_fixed_1_swap_0_1,49280,29254,44,28,16,16,794064,1.8157339962521912,794064,1.0034971992181991,0.24299495848978328,0.24299495848978328,7685900,local1_paired_b_plan_merge_1419_1420,1.0,45,16
case_075,4,874977,636045,2.266834893757517,9161746,5.986825532470784,4,7409,a_selected,24832,24646,44,28,16,16,630793,2.2857086239067335,630793,1.0083260277143216,0.3442091284141434,0.3442091284141434,9161746,b_candidate_fixed_1,1.0,45,16
case_075,5,711096,573688,2.513228444729539,9649940,6.252554172404596,5,7409,a_selected,24704,20612,44,28,16,16,568367,2.5367570601389593,568367,1.0093619087666947,0.28848210429666005,0.28848210429666005,9649940,b_candidate_fixed_1,1.0,45,16
case_076,2,3065465,3189150,1.9394236708840913,45742012,11.710724349364995,2,2034,local1_a_selected_split_708_1,524288,22660,44,35,9,2,3188397,1.9398817023099695,3188876,1.000085923692235,0.09185581094426926,0.08645712946281685,45801404,local1_paired_b_plan_move_715_1_0,1.0001502322326863,45,9
case_076,3,2063432,2137226,2.8939910893840897,52466932,13.28539851086737,3,2034,local1_a_selected_split_708_2,524288,24618,44,30,14,14,2134750,2.89734769879377,2134867,1.0011049868680344,0.14527055606736616,0.14458119799616487,52520180,local1_paired_b_plan_move_711_1_0,1.0000548073544913,45,14
case_076,4,1534042,1649600,3.7494622938894278,51999092,13.175851399568312,4,2033,local1_a_selected_move_715_3_0,524288,24582,44,31,13,13,1640191,3.770971185672888,1643554,1.003678613541143,0.17871966552699592,0.18019099344952502,52050292,local1_paired_b_plan_move_722_3_0,1.002050370962894,45,13
case_076,5,1245872,1392492,4.441758372759054,53169512,13.449911184979232,5,2034,local1_a_selected_split_708_1,524288,24582,44,32,12,12,1339454,4.617637485124535,1340123,1.0390777562955043,0.17734884322123495,0.17829256293925483,53241192,local1_b_candidate_local1_a_selected_move_1960_4_390_split_1960_2,1.0004994572415327,45,9
case_077,2,248734,281500,1.7595737122557726,2614918,2.2211482422385775,2,2243,fixed_2,188416,40966,72,51,21,3,281381,1.760317860836375,281381,1.0004229141271088,0.09947317664563414,0.09947317664563414,2614918,b_candidate_local1_fixed_2_merge_2041_2042,1.0,73,17
case_077,3,168976,222860,2.2225612492147535,4066332,2.8989483319012215,3,2243,local1_fixed_2_swap_0_0,163840,36864,72,55,17,2,222804,2.223119872174647,222804,1.000251341986679,0.09452494931521967,0.09452494931521967,4066332,local1_paired_b_plan_merge_2049_2055,1.0,73,14
case_077,4,127832,202562,2.445276014257363,4054934,2.8936255463817386,4,2243,local1_fixed_2_move_2034_3_211,212992,32768,72,50,22,2,201422,2.4591156874621443,201448,1.0055299630673922,0.08617854707083754,0.08656381532991576,4054934,local1_paired_b_plan_swap_0_0,1.0001290822253777,73,21
case_077,5,115617,164726,3.0069327246457753,4269042,2.993612470579445,5,2243,local1_fixed_2_swap_0_0,212992,36864,72,48,24,5,162277,3.052311787868891,162277,1.0150914793840162,0.12007452770414202,0.12007452770414202,4269042,local1_paired_b_plan_merge_2041_2049,1.0,73,22
case_078,2,1080972,1203556,1.9077990554656368,12549000,6.351185115441297,2,66,local1_a_selected_move_16_1_0,523968,0,72,61,11,0,1146519,2.0027081975963763,1187913,1.0131684727753631,0.18480246827056443,0.2602821202383928,13844016,local1_b_candidate_local1_a_selected_move_8_0_0_move_16_1_0,1.0361040680529499,73,11
case_078,3,817424,896611,2.560913261157849,14491128,7.179353610610774,3,11,local1_a_selected_move_4_2_0,523776,0,72,64,8,0,826047,2.779675974853731,898072,0.9983731816602678,0.17177023103724465,0.47392479639073803,14351304,local1_b_candidate_local2_a_selected_split_4_2_split_5_2,1.0871923752522556,73,8
case_078,4,619540,657024,3.494762748392753,14227296,7.066849516947765,4,63,local1_a_selected_move_8_0_0,522360,0,72,61,11,0,578666,3.967993626720768,605788,1.0845774429338317,0.37516447656976437,0.5947921840111492,15314808,local1_b_candidate_local1_a_selected_move_8_2_0_move_16_0_0,1.0468698696657484,73,12
case_078,5,620100,603586,3.8041687514289597,14922600,7.36334329457999,5,65,local1_a_selected_move_11_4_0,523008,0,72,61,11,0,550563,4.1705363418900285,591165,1.0210110544433448,0.17738391927165695,0.3565910007286,14829384,local1_b_candidate_local1_a_selected_move_9_4_0_split_11_1,1.073746328758017,73,8
case_079,2,14893820,14997472,2.0704990147672886,40783872,5.361366622864652,2,388,local1_a_selected_merge_0_2,522240,0,44,44,0,0,14995776,2.0707331851315995,14995776,1.0001130985152085,0.472485935302391,0.472485935302391,40783872,local1_paired_b_plan_merge_0_3,1.0,45,0
case_079,3,9965372,10001130,3.104874249209839,40869888,5.370565045992116,3,391,local1_fixed_48_split_8_2,522240,0,44,44,0,0,9998802,3.1055971505386344,9998802,1.0002328278927815,0.5744494165131175,0.579275247872247,40869888,local1_paired_b_plan_merge_0_1,1.0,45,0
case_079,4,7501148,8204821,3.784634789716924,224258048,24.981822163819537,4,4680,fixed_4,524288,0,44,34,10,6,8202078,3.785900475464876,8202078,1.000334427446313,0.039925790772910565,0.039925790772910565,224258048,b_candidate_local1_fixed_4_merge_0_4,1.0,45,10
case_079,5,6063684,6697972,4.636067603746328,161071104,18.224704336399473,5,1169,local1_a_selected_move_41_1_0,524288,0,44,34,10,10,6649269,4.670024780167564,6698895,0.9998622160819061,0.03222569565049593,0.029924754003472893,161087488,local1_b_candidate_local1_a_selected_move_41_0_0_move_57_0_0,1.0074633768012695,45,10
case_080,2,145926,156004,1.8726314709879235,3784704,2.9130434782608696,2,140,local2_fixed_8_split_2_2,524288,0,72,59,13,4,154846,1.8866357542332381,155116,1.005724747930581,0.30776092774308655,0.3095450490633363,3784704,local2_paired_b_plan_split_1_2,1.0017436679023028,73,13
case_080,3,100325,129084,2.2631619720492084,5238784,3.648033126293996,3,137,local1_fixed_8_merge_40_46,352256,0,72,52,20,4,117720,2.481634386680258,119007,1.0846756913458873,0.3172161172161172,0.3582474226804124,6311936,local1_fixed_4_merge_17_19,1.0109327217125381,73,14
case_080,4,100325,126756,2.3047271924011485,5545984,3.803312629399586,4,138,local1_fixed_8_move_24_1_0,258048,0,72,53,19,5,98935,2.9528276140900593,99146,1.2784782038609728,0.32634521313766596,0.31795946890286514,5545984,local1_b_candidate_local2_fixed_8_split_0_1_swap_0_11,1.0021327133976854,73,19
case_080,5,111314,132635,2.2025709654314474,5824512,3.9440993788819876,5,138,local1_fixed_8_swap_0_10,204800,0,72,52,20,4,102354,2.854192312953084,104412,1.2703041795962149,0.29202947086403214,0.3171542553191489,5861376,local1_fixed_8_move_17_3_0,1.0201066885514978,73,20
case_081,2,76860,82834,1.8325204626119709,14348,1.008240578012107,2,72,local1_a_selected_move_4_1_0,0,16394,72,60,12,0,82834,1.8325204626119709,82834,1.0,0.009686750908605884,0.009686750908605884,14348,local1_paired_b_plan_merge_10_11,1.0,73,17
case_081,3,51943,57311,2.6486189387726613,8200,1.004709558105609,3,218,local1_fixed_16_move_40_2_27,0,18440,72,60,12,0,56258,2.6981940346261863,57311,1.0,0.007779558905087862,0.015438950935345624,16400,local1_b_candidate_local1_fixed_16_move_40_2_54_move_81_2_27,1.0187173379785985,73,10
case_081,4,39588,43228,3.511497177755159,0,1.0,4,146,fixed_24,0,16394,72,60,12,0,43193,3.5143426018104784,43228,1.0,0.0,0.015409213174576303,20496,local1_b_candidate_local1_fixed_24_merge_13_14_move_13_3_0,1.0008103164864677,73,10
case_081,5,30943,36868,4.117256157101009,8200,1.004709558105609,5,218,local1_fixed_16_move_40_1_41,0,16394,72,60,12,0,36868,4.117256157101009,36868,1.0,0.007779558905087862,0.007779558905087862,8200,b_candidate_local1_fixed_16_move_40_2_41,1.0,73,10
case_082,2,707190,501895,1.4366371452196176,3592070,7.067624314618433,2,4113,local1_fixed_1_swap_0_2,49408,49222,72,37,35,16,501312,1.4383078801225584,501563,1.0006619308043057,0.08983381387218367,0.08983381387218367,3592070,local1_paired_b_plan_swap_0_1,1.0005006861994128,73,33
case_082,3,565989,384483,1.875352096191509,4119308,7.9582200180403575,3,4113,local1_fixed_1_swap_0_1,49280,41478,72,40,32,16,381168,1.8916619443395037,381538,1.0077187593372088,0.20769830032930622,0.20917696545858475,4119308,local1_b_candidate_local1_fixed_1_swap_0_10_swap_0_21,1.0009707005834698,73,31
case_082,4,594155,340254,2.1191257119681177,5323538,9.992371698935484,4,4113,fixed_1,45056,33862,72,42,30,16,339038,2.1267262076817346,339038,1.0035866186091236,0.2895416932323798,0.2895416932323798,5323538,b_candidate_local1_fixed_1_merge_1270_1271,1.0,73,30
case_082,5,576011,295059,2.443718036053806,5116374,9.64243605639132,5,4113,local1_fixed_1_swap_0_0,49152,24708,72,44,28,16,292556,2.4646255759581073,292608,1.0083763943569555,0.33316457895019536,0.33609016283845633,5116374,local1_paired_b_plan_swap_0_14,1.0001777437482056,73,28
case_083,2,624895,588191,1.7987235438828544,14255232,10.91113978686008,2,3844,local1_fixed_1_move_0_1_0,524288,0,72,48,24,0,514376,2.0568475201020266,514849,1.1424534183809234,0.7246616689806695,0.7263883378153977,14271616,b_candidate_local1_fixed_1_move_4_1_0,1.000919560788217,73,29
case_083,3,512623,482061,2.1947284679739703,14975968,11.41224108394331,3,82,a_selected,524288,0,72,60,12,0,374528,2.8248702366712237,374528,1.2871160500683527,0.8121012074704959,0.8121012074704959,14975968,b_candidate_local1_a_selected_merge_15_16,1.0,73,10
case_083,4,450029,363754,2.9085398373626132,14409920,11.018688677776048,4,242,local1_a_selected_move_42_3_0,524288,0,72,60,12,0,272514,3.882343659408324,275324,1.3211852217750724,0.7571939874119469,0.7848959806099778,14810400,local1_a_selected_split_15_1,1.0103113968456667,73,12
case_083,5,442480,356909,2.964321437677391,15182624,11.555921418559636,5,160,local1_a_selected_move_2_1_0,524288,0,72,60,12,0,237241,4.4595706475693495,245594,1.4532480435189785,0.8362174386792822,0.8246056588247056,15524128,local1_b_candidate_local1_a_selected_move_2_2_0_move_5_1_0,1.0352089225724053,73,10
case_084,2,1255829,1253876,1.999728840810415,9216,1.0006962655056197,2,8616,local1_fixed_1_move_16_1_0,16896,13920,44,39,5,0,1253876,1.999728840810415,1253876,1.0,0.0,0.0,9216,b_candidate_local1_fixed_1_move_23_1_2152,1.0,45,4
case_084,3,843394,836168,2.9986940423455573,9216,1.0006962655056197,3,8616,local1_fixed_1_move_7_1_1436,13824,13920,44,42,2,0,836116,2.9988805381071524,836168,1.0,0.0,0.0,18432,local1_b_candidate_local1_fixed_1_move_7_2_1436_move_23_0_1435,1.0000621923273805,45,3
case_084,4,647968,627852,3.993635442747654,9216,1.0006962655056197,4,8616,local1_fixed_1_move_32_1_0,16896,13920,44,44,0,0,627288,3.99722615449363,627852,1.0,0.0,0.0,9216,local1_b_candidate_local1_fixed_1_move_32_2_0_merge_39_64,1.0008991085434442,45,0
case_084,5,503472,503420,4.9807556314806725,9216,1.0006962655056197,5,8616,local1_fixed_1_move_7_2_1720,13824,9314,44,44,0,0,502296,4.991901189736729,503420,1.0,0.0,0.0,18432,local1_b_candidate_local1_fixed_1_move_7_2_860_move_15_3_1720,1.0022377243696943,45,0
case_085,2,3125140,2270897,1.4038060731067943,15902342,10.411151104256646,2,19737,local1_fixed_1_swap_0_2,67712,71814,44,26,18,16,2270171,1.4042550098648956,2270429,1.000206128445329,0.059566200758385195,0.059566200758385195,15902342,local1_paired_b_plan_swap_0_1,1.0001136478265293,45,16
case_085,3,2615433,1686610,1.8901221977813485,20173324,12.938757224509894,3,19737,local1_fixed_1_swap_0_1,49536,58502,44,25,19,16,1683271,1.893871515638302,1683271,1.0019836378099545,0.16884475902093957,0.16884475902093957,20173324,local1_paired_b_plan_merge_2035_2036,1.0,45,17
case_085,4,2239926,1495900,2.1310909820175143,26305010,16.56754495086209,4,19737,local1_fixed_1_swap_0_1,53376,46086,44,28,16,16,1481702,2.151511572502433,1481714,1.009574047353268,0.27235440975467007,0.27235440975467007,26305010,local1_paired_b_plan_swap_0_2,1.0000080987944944,45,17
case_085,5,1914860,1219650,2.61378182265404,26506324,16.68668441304963,5,19737,local1_fixed_1_swap_0_0,49280,36870,44,28,16,16,1210366,2.6338305933907593,1210366,1.0076704071330491,0.2827572502456883,0.2827572502456883,26506324,local1_paired_b_plan_merge_2073_2074,1.0,45,17
case_086,2,113780,94790,1.2491085557548265,325414,1.9627006526202437,2,331,local1_fixed_16_split_225_1,48288,40996,44,31,13,2,94782,1.2492139857778903,94790,1.0,0.07799899894332907,0.07799899894332907,325414,local1_paired_b_plan_split_163_2,1.0000844042117703,45,11
case_086,3,114521,91874,1.288754163310621,436492,2.2913123997846294,3,331,local1_fixed_16_split_225_1,48288,36194,44,35,9,5,91500,1.2940218579234972,91874,1.0,0.10719154432680576,0.1881267510781382,2134540,fixed_4,1.0040874316939892,45,9
case_086,4,114521,90391,1.3098981093250435,462316,2.3677097940370744,4,331,local1_fixed_16_split_163_2,48288,36194,44,36,8,5,90022,1.3152673790851126,90402,0.999878321276078,0.12864517156497865,0.2668919079739707,2505938,fixed_4,1.004221190375686,45,8
case_086,5,114521,89153,1.3280876695119626,2778744,9.220601025968724,5,1319,fixed_4,30048,19252,44,33,11,11,86643,1.3665616379857577,86643,1.0289694493496302,0.3104547267256182,0.3104547267256182,2778744,b_candidate_local1_fixed_4_split_1298_1,1.0,45,9
case_087,2,2038849,2283704,1.7401865565765091,12814366,3.164918708897876,2,6888,local1_fixed_4_merge_511_512,520704,41622,44,28,16,16,2280701,1.7424778609734464,2280701,1.001316700435524,0.36997021005741504,0.36997021005741504,12814366,local1_paired_b_plan_split_1034_1,1.0,45,15
case_087,3,1365116,1789827,2.220365990679546,13741884,3.3216179221901716,3,6889,fixed_4,520704,32406,44,28,16,16,1783622,2.22809036892346,1783622,1.0034788761295834,0.389831818234534,0.389831818234534,13741884,b_candidate_local1_fixed_4_merge_239_240,1.0,45,15
case_087,4,1038811,1553448,2.558225959285409,18567128,4.1368171299072936,4,6889,fixed_4,520704,37014,44,28,16,16,1548682,2.566098785935395,1548682,1.0030774555396136,0.5061538028967623,0.5061538028967623,18567128,b_candidate_local1_fixed_4_merge_511_512,1.0,45,15
case_087,5,833349,1391400,2.856167169757079,19549802,4.30283465487478,5,6889,fixed_4,520704,37014,44,32,12,12,1386485,2.8662920983638482,1386485,1.0035449355744923,0.5141829984898909,0.5141829984898909,19549802,b_candidate_local1_fixed_4_merge_1557_1558,1.0,45,12
case_088,2,200725,132430,1.8396360341312392,1342458,1.7336645902990384,2,1655,local1_fixed_2_swap_0_21,89472,45072,72,42,30,16,132392,1.840164058251254,132430,1.0,0.10621667675154636,0.10838064069393365,1342458,b_candidate_local1_fixed_2_swap_0_6,1.0002870264064294,73,30
case_088,3,202290,114528,2.127191603799944,1813644,1.9911717031060259,3,1655,local1_fixed_2_swap_0_17,86208,32770,72,41,31,16,114470,2.128269415567398,114470,1.0005066829737048,0.18774484670228386,0.18774484670228386,1813644,local1_paired_b_plan_merge_1035_1036,1.0,73,31
case_088,4,202428,111240,2.190066522833513,2318122,2.266873173978767,4,1655,local1_fixed_2_swap_0_20,86208,32768,72,42,30,17,104870,2.3230952607990845,104992,1.059509295946358,0.20300624668595402,0.20449466031610183,2318122,b_candidate_local1_fixed_2_swap_0_14,1.001163345093926,73,30
case_088,5,202618,107616,2.2638176479333927,2309560,2.262193968951764,5,1654,local1_a_selected_swap_0_12,86208,32768,72,45,27,15,105135,2.3172397393826984,105343,1.0215771337440551,0.17684043132478752,0.1771444655381376,2309560,local1_paired_b_plan_swap_0_14,1.0019784087126076,73,27
case_089,2,347224,346832,1.998350786547954,238720,1.4214689265536724,2,320,fixed_16,259200,0,44,44,0,0,346832,1.998350786547954,346832,1.0,0.0,0.0,238720,b_candidate_fixed_4,1.0,45,0
case_089,3,243614,243614,2.8450417463692563,477440,1.8429378531073446,3,320,fixed_16,259200,0,44,44,0,0,243614,2.8450417463692563,243614,1.0,0.0,0.0,477440,b_candidate_fixed_4,1.0,45,0
case_089,4,178160,178160,3.8902784014369107,716160,2.2644067796610168,4,320,fixed_16,259200,0,44,44,0,0,178160,3.8902784014369107,178160,1.0,0.0,0.0,716160,b_candidate_fixed_4,1.0,45,0
case_089,5,147432,147432,4.701096098540344,954880,2.685875706214689,5,320,fixed_16,259200,0,44,44,0,0,147432,4.701096098540344,147432,1.0,0.0,0.0,954880,b_candidate_fixed_4,1.0,45,0
case_090,2,593676,652852,1.804946603518102,21752856,10.761858090642772,2,1663,local1_fixed_1_merge_245_256,524088,0,72,38,34,10,643929,1.8299579612037973,643981,1.0137752511331857,0.02660713619210078,0.02660713619210078,21752856,local1_paired_b_plan_merge_501_512,1.000080754244645,73,33
case_090,3,488759,504447,2.3359500601648935,21670368,10.724840599689816,3,1664,local1_fixed_1_move_0_2_0,524088,0,72,38,34,10,451716,2.608636842617928,502557,1.0037607674353357,0.021075213515998007,0.23258426637566085,22462104,local1_a_selected_split_4_1,1.1125508062587999,73,3
case_090,4,459566,489493,2.407313281293093,21553344,10.672324659658797,4,1664,local1_fixed_1_move_217_2_0,524280,0,72,36,36,8,440759,2.6734859639848536,441218,1.1094130339197403,0.2254791454730417,0.225912411357979,21553992,local1_paired_b_plan_merge_857_896,1.001041385428318,73,33
case_090,5,456367,458600,2.5694788486698648,21618936,10.701759865586766,5,1664,local1_fixed_1_move_217_1_0,524088,0,72,39,33,7,403652,2.9192547045474817,420897,1.0895777351703624,0.1255776158452644,0.19437109237491287,21618936,local1_b_candidate_local1_fixed_1_move_245_1_0_move_217_1_0,1.0427224440854994,73,31
case_091,2,4582522,4634177,1.9823949322608956,71155732,11.817794667279651,2,1974,local1_a_selected_split_64_2,523776,4102,44,34,10,8,4627138,1.9854106361210753,4627138,1.0015212427206623,0.10228870938604043,0.10228870938604043,71155732,local1_paired_b_plan_split_50_1,1.0,45,10
case_091,3,3106295,3124069,2.9406421561111484,79873092,13.143093527542334,3,1973,local1_fixed_16_move_50_0_0,523776,4102,44,34,10,10,3111645,2.9523833856368578,3112403,1.0037482292620847,0.14978936134168122,0.14571435196159044,79866948,local1_b_candidate_local1_fixed_16_move_53_0_0_split_53_1,1.000243601053462,45,9
case_091,4,2345612,2399292,3.828949956903953,79719968,13.119814110072038,4,1973,local1_a_selected_move_121_1_0,523776,4102,44,34,10,8,2375526,3.8672567675537963,2375564,1.0099883648683008,0.18945351048360035,0.18983531985234717,79719968,local1_paired_b_plan_split_50_1,1.0000159964572057,45,10
case_091,5,2015028,1968372,4.667191465840807,81855424,13.444467147567462,5,1973,fixed_16,523776,4102,44,34,10,4,1949870,4.71147768825614,1955324,1.0066730628785818,0.15495015779553262,0.16304877021056308,81790912,local1_b_candidate_local1_fixed_16_merge_139_149_move_82_2_0,1.0027971095508932,45,10
case_092,2,2772068,2549768,1.8886243768060467,66403104,21.38826280470431,2,17608,local1_fixed_1_move_0_1_0,524288,0,44,39,5,0,2256518,2.134064075713112,2256784,1.129823678296195,0.7715601426037183,0.771946177661348,66419488,b_candidate_local1_fixed_1_move_4_1_0,1.0001178807348312,45,9
case_092,3,2009146,1831933,2.628673646907392,67442752,21.707474036883838,3,92,local1_a_selected_move_31_0_0,524288,0,44,44,0,0,1503209,3.203515944888568,1535495,1.1930569620871445,0.7695866973167713,0.8143289911718259,66918720,a_selected,1.0214780512889425,45,0
case_092,4,1819395,1808909,2.662131704801071,67222688,21.639906070996965,4,92,local1_a_selected_move_51_3_0,524288,0,44,44,0,0,1467630,3.28117713592663,1467630,1.2325374924197516,0.7973112520191732,0.7973112520191732,67222688,local1_paired_b_plan_split_0_1,1.0,45,2
case_092,5,1697048,1649430,2.919526139332982,66980256,21.5654702836538,5,17608,fixed_1,524288,0,44,42,2,0,1184877,4.064180501436014,1351088,1.220816112644032,0.580675424788359,0.6997584800242461,67040032,local1_b_candidate_fixed_4_move_0_2_0,1.140277007655647,45,0
case_093,2,37827,37827,1.9616940280751844,8192,1.011461318051576,2,35,fixed_16,20480,0,72,72,0,0,37827,1.9616940280751844,37827,1.0,0.0,0.0,8192,b_candidate_fixed_4,1.0,73,6
case_093,3,25103,25103,2.956021192686133,16384,1.0229226361031518,3,138,fixed_4,20480,0,72,66,6,0,25103,2.956021192686133,25103,1.0,0.0,0.0,16384,b_candidate_fixed_8,1.0,73,0
case_093,4,19779,19779,3.751706355225239,24576,1.0343839541547277,4,138,fixed_4,20480,0,72,66,6,0,19779,3.751706355225239,19779,1.0,0.0,0.0,24576,b_candidate_fixed_8,1.0,73,0
case_093,5,15876,15876,4.674036281179139,32768,1.0458452722063036,5,35,fixed_16,20480,0,72,72,0,0,15876,4.674036281179139,15876,1.0,0.0,0.0,32768,b_candidate_fixed_4,1.0,73,6
case_094,2,48073,50296,1.886670908223318,390068,1.7405998192492007,2,162,local1_fixed_4_move_123_1_0,99840,49154,72,56,16,0,50231,1.889112301168601,50280,1.0003182179793157,0.12208512045898669,0.11903568089114143,426932,local1_b_candidate_local1_fixed_4_move_126_1_0_move_119_0_36,1.0009754932213175,73,15
case_094,3,32222,42927,2.2105434807929742,458824,1.8711429070500407,3,162,local1_fixed_4_move_119_1_27,82944,45056,72,54,18,7,42326,2.241931673203232,42366,1.0132417504602746,0.09095626739632967,0.10180394350440498,468040,b_candidate_local1_fixed_4_move_119_0_21,1.00094504559845,73,20
case_094,4,24640,37104,2.5574601121172917,1188240,3.256043380191839,4,324,local1_fixed_2_move_239_3_34,62208,28672,72,45,27,3,36056,2.6317949855779896,36383,1.0198169474754692,0.07038422071169328,0.12188926999253767,1192080,local1_b_candidate_local1_fixed_2_move_239_0_58_move_0_1_0,1.0090692256489904,73,29
case_094,5,21573,34668,2.737163955232491,1228180,3.3318751756244636,5,324,local1_fixed_2_move_260_0_0,71424,28674,72,47,25,2,32697,2.902162277884821,33085,1.0478464560979295,0.14608045194863686,0.12602865800823415,1228180,local1_paired_b_plan_move_252_4_34,1.011866532097746,73,20
case_095,2,1042890,1042787,1.999308583632132,0,1.0,2,3696,local1_fixed_1_swap_0_15,36864,55488,72,51,21,0,1040574,2.003560534858645,1042787,1.0,0.0,0.0,36864,local1_b_candidate_local1_fixed_1_swap_0_23_move_15_0_924,1.002126710834597,73,19
case_095,3,695775,695672,2.9968907761128807,0,1.0,3,3696,local1_fixed_1_swap_0_15,36864,55488,72,51,21,0,695672,2.9968907761128807,695672,1.0,0.0,0.0,0,b_candidate_local1_fixed_1_swap_0_23,1.0,73,20
case_095,4,524422,524319,3.9763064088846676,0,1.0,4,3696,local1_fixed_1_swap_0_15,36864,55488,72,51,21,0,524150,3.9775884765811313,524319,1.0,0.0,0.0,36864,local1_b_candidate_local1_fixed_1_swap_0_23_move_0_2_0,1.0003224267862254,73,19
case_095,5,420852,420749,4.955099120853525,0,1.0,5,3696,local1_fixed_1_swap_0_15,36864,55488,72,51,21,0,420749,4.955099120853525,420749,1.0,0.0,0.0,0,b_candidate_local1_fixed_1_swap_0_23,1.0,73,20
case_096,2,44010,46721,1.8020590312707347,114048,1.5194436094334982,2,300,local1_fixed_4_swap_0_1,62208,24596,72,58,14,9,46618,1.8060405851816894,46620,1.0021664521664522,0.2904327581134151,0.2904327581134151,114048,local1_b_candidate_local1_fixed_4_swap_0_3_swap_0_7,1.0000429018833927,73,12
case_096,3,30318,32111,2.621967550060727,208156,1.9480683919511017,3,300,local1_fixed_4_swap_0_3,63744,24590,72,57,15,7,31795,2.6480264192483096,31815,1.0093037875216093,0.2777067485449977,0.2777067485449977,208156,local1_paired_b_plan_split_55_1,1.0006290297216542,73,12
case_096,4,26984,29818,2.8235964853444226,226320,2.0307982401005655,4,300,local1_fixed_4_swap_0_6,63744,24584,72,53,19,9,28935,2.90976326248488,28940,1.0303386316516931,0.45778932811978446,0.45778932811978446,226320,local1_paired_b_plan_swap_0_3,1.000172801105927,73,16
case_096,5,26984,29730,2.8319542549613184,278712,2.2694231137102725,5,299,local1_fixed_4_merge_62_63,63744,24582,72,53,19,9,28782,2.9252310471822667,29214,1.017662764428014,0.4480231420571467,0.4480231420571467,278712,local1_b_candidate_local1_fixed_4_swap_0_5_merge_55_56,1.0150093808630394,73,16
case_097,2,5192028,5605050,2.0502063317900823,92143616,19.25974025974026,2,6592,fixed_1,524288,0,44,30,14,10,5604688,2.0503387521303593,5604688,1.0000645887871011,0.002510186263096624,0.002510186263096624,92143616,b_candidate_local1_fixed_1_merge_309_312,1.0,45,13
case_097,3,3577028,4149567,2.7693272575186763,13385728,3.6525974025974026,3,1648,local1_a_selected_move_309_2_0,524288,0,44,42,2,2,4127842,2.783902339285273,4136614,1.0031313049755186,0.31401303538175046,0.313233414662484,13441024,local1_paired_b_plan_move_618_2_0,1.0021250813379001,45,3
case_097,4,2608028,2848231,4.034612712241388,11851776,3.3486201298701297,4,1648,local1_fixed_4_move_0_2_0,524288,0,44,44,0,0,2785976,4.124769560111071,2792163,1.0200804895702722,0.28427753023551877,0.32136057875364893,11925504,local1_b_candidate_local1_fixed_4_move_0_1_0_move_103_2_0,1.002220765720882,45,2
case_097,5,2102348,2591914,4.433599648753778,100177920,20.851866883116884,5,6592,local1_fixed_1_move_13_2_0,524288,0,44,34,10,4,2588705,4.4390956095808525,2594921,0.9988411978630564,0.05206177360292947,0.052157299793026586,100177920,local1_b_candidate_local1_fixed_1_move_13_3_0_move_5_2_0,1.0024012006003002,45,10
case_098,2,94351,113927,1.5574007917350585,907806,2.300592841772279,2,1365,local1_fixed_1_swap_0_22,131072,53258,72,43,29,10,113696,1.5605650154798762,113725,1.001776214552649,0.3141872000350644,0.3141872000350644,907806,local1_paired_b_plan_swap_0_19,1.000255066141289,73,30
case_098,3,69315,90666,1.9569629188449915,1019686,2.460880752556612,3,1364,local1_fixed_1_merge_959_976,98304,32778,72,41,31,9,87119,2.0366395390213388,88777,1.0212780337249512,0.20617383182273696,0.20617383182273696,1019686,local1_paired_b_plan_merge_967_984,1.0190314397548181,73,29
case_098,4,60144,75598,2.3470197624275775,1134418,2.625254658349499,4,1365,fixed_1,65536,32776,72,42,30,8,72630,2.44292991876635,72630,1.0408646564780393,0.2806939942388763,0.2806939942388763,1134418,b_candidate_local1_fixed_1_merge_928_929,1.0,73,28
case_098,5,51345,67558,2.6263358891619055,1430962,3.050106447906429,5,1364,local1_fixed_1_merge_935_968,81920,32776,72,43,29,9,64209,2.763319783830927,64943,1.0402660794850869,0.3653153997777361,0.3682738309291115,1447346,local1_paired_b_plan_move_944_4_0,1.0114314192714418,73,28
case_099,2,809945,856969,1.8938829759302844,6639384,3.6200827454700724,2,6296,local1_fixed_1_move_5818_0_1529,477184,11264,44,35,9,2,856658,1.8945705287290844,856658,1.0003630386922202,0.014922429259782169,0.014922429259782169,6631192,local1_b_candidate_local1_fixed_1_move_5820_0_1529_move_5806_0_1529,1.0,45,7
case_099,3,544076,577336,2.8111862069921156,12049740,5.755157385293658,3,6296,fixed_1,266240,9216,44,37,7,5,575933,2.8180343894168245,575933,1.0024360472485514,0.26920145130922857,0.26920145130922857,12049740,b_candidate_local1_fixed_1_merge_5806_5809,1.0,45,5
case_099,4,405336,447235,3.6289624023164557,11888516,5.691533979785607,4,6296,local1_fixed_1_move_5806_1_781,370688,8192,44,38,6,4,444288,3.6530336178334775,444288,1.0066330848458658,0.19123458842721627,0.19123458842721627,11888516,local1_paired_b_plan_merge_5821_5830,1.0,45,5
case_099,5,339475,407756,3.980319112410363,16985472,7.702932397171942,5,6295,local1_fixed_1_merge_5817_5820,524288,9216,44,38,6,3,387283,4.1907313256714085,387553,1.0521296442035024,0.33343475431936376,0.33343475431936376,16985472,b_candidate_fixed_1,1.0006971646057277,45,7
case_100,2,83766,86478,1.7486875274636324,397772,1.8749972503178634,2,350,local1_fixed_4_split_109_1,196608,81970,72,48,24,12,86289,1.7525177021404814,86289,1.0021903139449988,0.38690274268760094,0.38690274268760094,397772,b_candidate_fixed_4,1.0,73,24
case_100,3,58653,69343,2.1807969081233867,530876,2.1677922032213077,3,350,local1_fixed_4_split_109_1,147456,81928,72,54,18,8,67973,2.2247510040751477,68475,1.0126761591821833,0.44519318137355063,0.44519318137355063,530876,local1_b_candidate_local1_fixed_4_swap_0_2_split_109_1,1.0073852853338825,73,15
case_100,4,49599,61233,2.4696323877647672,905764,2.992450472725353,4,349,fixed_4,98304,81930,72,52,20,9,60413,2.503153294820651,60413,1.0135732375482098,0.571184087927133,0.571184087927133,905764,b_candidate_local1_fixed_4_merge_105_106,1.0,73,18
case_100,5,44830,56967,2.6545719451612335,954712,3.1001236257088682,5,348,local1_a_selected_move_116_3_0,98304,81920,72,51,21,11,54742,2.762467575170801,55170,1.0325720500271887,0.5788499974455397,0.5788499974455397,954712,local1_paired_b_plan_split_107_1,1.0078184940265245,73,20
